Company,Interviewer,Interviewer Email,Candidate,Candidate Email ,Candidate Phone,Scheduling method,Round,Added On
Google,Sundar Pichai,sundar@google.com,Chetan,chetan@weekday.works,9920264452,"Round1: <calendly_link>
Round2: <calendly_link>
Round 3: <calendly_link>",Round1,2 Nov 19:51
Google,Eric,sundar@google.com,Chetan,chetan@weekday.works,9920264452,"Round1: <calendly_link>
Round2: <calendly_link>
Round 3: <calendly_link>",Round1,2 Nov 14:51
Tesla,Elon,sundar@google.com,Chetan,chetan@weekday.works,9920264452,"Round1: <calendly_link>
Round2: <calendly_link>
Round 3: <calendly_link>",Round2,2 Nov 16:43
Google,Sergei,sundar@google.com,Chetan,chetan@weekday.works,9920264452,"Round1: <calendly_link>
Round2: <calendly_link>
Round 3: <calendly_link>",Round1,2 Nov 18:57
FB,Mark,sundar@google.com,Chetan,chetan@weekday.works,9920264452,"Round1: <calendly_link>
Round2: <calendly_link>
Round 3: <calendly_link>",Round1,2 Nov 16:51
FB,Sheryl,sundar@google.com,Chetan,chetan@weekday.works,9920264452,"Round1: <calendly_link>
Round2: <calendly_link>
Round 3: <calendly_link>",Round2,2 Nov 19:11
Tesla,Elon,sundar@google.com,Chetan,chetan@weekday.works,9920264452,"Round1: <calendly_link>
Round2: <calendly_link>
Round 3: <calendly_link>",Round3,2 Nov 11:51
FB,Mark,sundar@google.com,Chetan,chetan@weekday.works,9920264452,"Round1: <calendly_link>
Round2: <calendly_link>
Round 3: <calendly_link>",Round2,2 Nov 10:51
FB,Kevin,sundar@google.com,Chetan,chetan@weekday.works,9920264452,"Round1: <calendly_link>
Round2: <calendly_link>
Round 3: <calendly_link>",Round1,2 Nov 19:21
FB,Mark,sundar@google.com,Chetan,chetan@weekday.works,9920264452,"Round1: <calendly_link>
Round2: <calendly_link>
Round 3: <calendly_link>",Round2,2 Nov 19:51
Tesla,Elon,sundar@google.com,Chetan,chetan@weekday.works,9920264452,"Round1: <calendly_link>
Round2: <calendly_link>
Round 3: <calendly_link>",Round1,2 Nov 19:51
Tesla,Elon,sundar@google.com,Chetan,chetan@weekday.works,9920264452,"Round1: <calendly_link>
Round2: <calendly_link>
Round 3: <calendly_link>",Round1,2 Nov 19:51
Tesla,Parag,sundar@google.com,Chetan,chetan@weekday.works,9920264452,"Round1: <calendly_link>
Round2: <calendly_link>
Round 3: <calendly_link>",Round2,2 Nov 19:51
Tesla,Elon,sundar@google.com,Chetan,chetan@weekday.works,9920264452,"Round1: <calendly_link>
Round2: <calendly_link>
Round 3: <calendly_link>",Round1,2 Nov 19:51
Tesla,Elon,sundar@google.com,Chetan,chetan@weekday.works,9920264452,"Round1: <calendly_link>
Round2: <calendly_link>
Round 3: <calendly_link>",Round1,2 Nov 19:51
Google,Sundar Pichai,sundar@google.com,Chetan,chetan@weekday.works,9920264452,"Round1: <calendly_link>
Round2: <calendly_link>
Round 3: <calendly_link>",Round1,2 Nov 19:51
Google,Sundar Pichai,sundar@google.com,Chetan,chetan@weekday.works,9920264452,"Round1: <calendly_link>
Round2: <calendly_link>
Round 3: <calendly_link>",Round3,2 Nov 19:51
Google,Sundar Pichai,sundar@google.com,Chetan,chetan@weekday.works,9920264452,"Round1: <calendly_link>
Round2: <calendly_link>
Round 3: <calendly_link>",Round2,2 Nov 19:51
Google,Sundar Pichai,sundar@google.com,Chetan,chetan@weekday.works,9920264452,"Round1: <calendly_link>
Round2: <calendly_link>
Round 3: <calendly_link>",Round1,2 Nov 19:51
Reliance,Mukesh,sundar@google.com,Chetan,chetan@weekday.works,9920264452,"Round1: <calendly_link>
Round2: <calendly_link>
Round 3: <calendly_link>",Round1,2 Nov 19:51
Reliance,Mukesh,sundar@google.com,Chetan,chetan@weekday.works,9920264452,"Round1: <calendly_link>
Round2: <calendly_link>
Round 3: <calendly_link>",Round1,2 Nov 19:51
Reliance,Mukesh,sundar@google.com,Chetan,chetan@weekday.works,9920264452,"Round1: <calendly_link>
Round2: <calendly_link>
Round 3: <calendly_link>",Round2,2 Nov 19:51
Reliance,Mukesh,sundar@google.com,Chetan,chetan@weekday.works,9920264452,"Round1: <calendly_link>
Round2: <calendly_link>
Round 3: <calendly_link>",Round3,2 Nov 19:51
Reliance,Mukesh,sundar@google.com,Chetan,chetan@weekday.works,9920264452,"Round1: <calendly_link>
Round2: <calendly_link>
Round 3: <calendly_link>",Round1,2 Nov 19:51
Reliance,Mukesh,sundar@google.com,Chetan,chetan@weekday.works,9920264452,"Round1: <calendly_link>
Round2: <calendly_link>
Round 3: <calendly_link>",Round1,2 Nov 19:51
Reliance,Mukesh,sundar@google.com,Chetan,chetan@weekday.works,9920264452,"Round1: <calendly_link>
Round2: <calendly_link>
Round 3: <calendly_link>",Round1,2 Nov 19:51
Google,Sundar Pichai,sundar@google.com,Chetan,chetan@weekday.works,9920264452,"Round1: <calendly_link>
Round2: <calendly_link>
Round 3: <calendly_link>",Round3,2 Nov 19:51
Google,Sundar Pichai,sundar@google.com,Chetan,chetan@weekday.works,9920264452,"Round1: <calendly_link>
Round2: <calendly_link>
Round 3: <calendly_link>",Round1,2 Nov 19:51
Google,Sundar Pichai,sundar@google.com,Chetan,chetan@weekday.works,9920264452,"Round1: <calendly_link>
Round2: <calendly_link>
Round 3: <calendly_link>",Round1,2 Nov 19:51
Google,Sundar Pichai,sundar@google.com,Chetan,chetan@weekday.works,9920264452,"Round1: <calendly_link>
Round2: <calendly_link>
Round 3: <calendly_link>",Round1,2 Nov 19:51
Google,Sundar Pichai,sundar@google.com,Chetan,chetan@weekday.works,9920264452,"Round1: <calendly_link>
Round2: <calendly_link>
Round 3: <calendly_link>",Round1,2 Nov 19:51
Google,Sundar Pichai,sundar@google.com,Chetan,chetan@weekday.works,9920264452,"Round1: <calendly_link>
Round2: <calendly_link>
Round 3: <calendly_link>",Round3,2 Nov 19:51
Google,Sundar Pichai,sundar@google.com,Chetan,chetan@weekday.works,9920264452,"Round1: <calendly_link>
Round2: <calendly_link>
Round 3: <calendly_link>",Round1,2 Nov 19:51
Google,Sundar Pichai,sundar@google.com,Chetan,chetan@weekday.works,9920264452,"Round1: <calendly_link>
Round2: <calendly_link>
Round 3: <calendly_link>",Round1,2 Nov 19:51
Google,Sundar Pichai,sundar@google.com,Chetan,chetan@weekday.works,9920264452,"Round1: <calendly_link>
Round2: <calendly_link>
Round 3: <calendly_link>",Round1,2 Nov 19:51
Google,Sundar Pichai,sundar@google.com,Chetan,chetan@weekday.works,9920264452,"Round1: <calendly_link>
Round2: <calendly_link>
Round 3: <calendly_link>",Round1,2 Nov 19:51
Google,Sundar Pichai,sundar@google.com,Chetan,chetan@weekday.works,9920264452,"Round1: <calendly_link>
Round2: <calendly_link>
Round 3: <calendly_link>",Round2,2 Nov 19:51
Google,Sundar Pichai,sundar@google.com,Chetan,chetan@weekday.works,9920264452,"Round1: <calendly_link>
Round2: <calendly_link>
Round 3: <calendly_link>",Round1,2 Nov 19:51
Google,Sundar Pichai,sundar@google.com,Chetan,chetan@weekday.works,9920264452,"Round1: <calendly_link>
Round2: <calendly_link>
Round 3: <calendly_link>",Round1,2 Nov 19:51
Google,Sundar Pichai,sundar@google.com,Chetan,chetan@weekday.works,9920264452,"Round1: <calendly_link>
Round2: <calendly_link>
Round 3: <calendly_link>",Round1,2 Nov 19:51
Google,Sundar Pichai,sundar@google.com,Chetan,chetan@weekday.works,9920264452,"Round1: <calendly_link>
Round2: <calendly_link>
Round 3: <calendly_link>",Round1,2 Nov 19:51
Google,Sundar Pichai,sundar@google.com,Chetan,chetan@weekday.works,9920264452,"Round1: <calendly_link>
Round2: <calendly_link>
Round 3: <calendly_link>",Round1,2 Nov 19:51
Google,Sundar Pichai,sundar@google.com,Chetan,chetan@weekday.works,9920264452,"Round1: <calendly_link>
Round2: <calendly_link>
Round 3: <calendly_link>",Round1,2 Nov 19:51
Google,Sundar Pichai,sundar@google.com,Chetan,chetan@weekday.works,9920264452,"Round1: <calendly_link>
Round2: <calendly_link>
Round 3: <calendly_link>",Round1,2 Nov 19:51
Google,Sundar Pichai,sundar@google.com,Chetan,chetan@weekday.works,9920264452,"Round1: <calendly_link>
Round2: <calendly_link>
Round 3: <calendly_link>",Round1,2 Nov 19:51
Google,Sundar Pichai,sundar@google.com,Chetan,chetan@weekday.works,9920264452,"Round1: <calendly_link>
Round2: <calendly_link>
Round 3: <calendly_link>",Round1,2 Nov 19:51
Google,Sundar Pichai,sundar@google.com,Chetan,chetan@weekday.works,9920264452,"Round1: <calendly_link>
Round2: <calendly_link>
Round 3: <calendly_link>",Round1,2 Nov 19:51
Google,Sundar Pichai,sundar@google.com,Chetan,chetan@weekday.works,9920264452,"Round1: <calendly_link>
Round2: <calendly_link>
Round 3: <calendly_link>",Round1,2 Nov 19:51
Google,Sundar Pichai,sundar@google.com,Chetan,chetan@weekday.works,9920264452,"Round1: <calendly_link>
Round2: <calendly_link>
Round 3: <calendly_link>",Round1,2 Nov 19:51
Google,Sundar Pichai,sundar@google.com,Chetan,chetan@weekday.works,9920264452,"Round1: <calendly_link>
Round2: <calendly_link>
Round 3: <calendly_link>",Round1,2 Nov 19:51
Google,Sundar Pichai,sundar@google.com,Chetan,chetan@weekday.works,9920264452,"Round1: <calendly_link>
Round2: <calendly_link>
Round 3: <calendly_link>",Round1,2 Nov 19:51
Google,Sundar Pichai,sundar@google.com,Chetan,chetan@weekday.works,9920264452,"Round1: <calendly_link>
Round2: <calendly_link>
Round 3: <calendly_link>",Round1,2 Nov 19:51
Google,Sundar Pichai,sundar@google.com,Chetan,chetan@weekday.works,9920264452,"Round1: <calendly_link>
Round2: <calendly_link>
Round 3: <calendly_link>",Round1,2 Nov 19:51
Google,Sundar Pichai,sundar@google.com,Chetan,chetan@weekday.works,9920264452,"Round1: <calendly_link>
Round2: <calendly_link>
Round 3: <calendly_link>",Round1,2 Nov 19:51
Google,Sundar Pichai,sundar@google.com,Chetan,chetan@weekday.works,9920264452,"Round1: <calendly_link>
Round2: <calendly_link>
Round 3: <calendly_link>",Round1,2 Nov 19:51
Google,Sundar Pichai,sundar@google.com,Chetan,chetan@weekday.works,9920264452,"Round1: <calendly_link>
Round2: <calendly_link>
Round 3: <calendly_link>",Round1,2 Nov 19:51
Google,Sundar Pichai,sundar@google.com,Chetan,chetan@weekday.works,9920264452,"Round1: <calendly_link>
Round2: <calendly_link>
Round 3: <calendly_link>",Round1,2 Nov 19:51
Google,Sundar Pichai,sundar@google.com,Chetan,chetan@weekday.works,9920264452,"Round1: <calendly_link>
Round2: <calendly_link>
Round 3: <calendly_link>",Round1,2 Nov 19:51
Google,Sundar Pichai,sundar@google.com,Chetan,chetan@weekday.works,9920264452,"Round1: <calendly_link>
Round2: <calendly_link>
Round 3: <calendly_link>",Round1,2 Nov 19:51
Google,Sundar Pichai,sundar@google.com,Chetan,chetan@weekday.works,9920264452,"Round1: <calendly_link>
Round2: <calendly_link>
Round 3: <calendly_link>",Round1,2 Nov 19:51
Google,Sundar Pichai,sundar@google.com,Chetan,chetan@weekday.works,9920264452,"Round1: <calendly_link>
Round2: <calendly_link>
Round 3: <calendly_link>",Round1,2 Nov 19:51
Google,Sundar Pichai,sundar@google.com,Chetan,chetan@weekday.works,9920264452,"Round1: <calendly_link>
Round2: <calendly_link>
Round 3: <calendly_link>",Round1,2 Nov 19:51
Google,Sundar Pichai,sundar@google.com,Chetan,chetan@weekday.works,9920264452,"Round1: <calendly_link>
Round2: <calendly_link>
Round 3: <calendly_link>",Round1,2 Nov 19:51
Google,Sundar Pichai,sundar@google.com,Chetan,chetan@weekday.works,9920264452,"Round1: <calendly_link>
Round2: <calendly_link>
Round 3: <calendly_link>",Round1,2 Nov 19:51
Google,Sundar Pichai,sundar@google.com,Chetan,chetan@weekday.works,9920264452,"Round1: <calendly_link>
Round2: <calendly_link>
Round 3: <calendly_link>",Round1,2 Nov 19:51
Google,Sundar Pichai,sundar@google.com,Chetan,chetan@weekday.works,9920264452,"Round1: <calendly_link>
Round2: <calendly_link>
Round 3: <calendly_link>",Round1,2 Nov 19:51
Google,Sundar Pichai,sundar@google.com,Chetan,chetan@weekday.works,9920264452,"Round1: <calendly_link>
Round2: <calendly_link>
Round 3: <calendly_link>",Round1,2 Nov 19:51
Google,Sundar Pichai,sundar@google.com,Chetan,chetan@weekday.works,9920264452,"Round1: <calendly_link>
Round2: <calendly_link>
Round 3: <calendly_link>",Round1,2 Nov 19:51
Google,Sundar Pichai,sundar@google.com,Chetan,chetan@weekday.works,9920264452,"Round1: <calendly_link>
Round2: <calendly_link>
Round 3: <calendly_link>",Round1,2 Nov 19:51
Google,Sundar Pichai,sundar@google.com,Chetan,chetan@weekday.works,9920264452,"Round1: <calendly_link>
Round2: <calendly_link>
Round 3: <calendly_link>",Round1,2 Nov 19:51
Google,Sundar Pichai,sundar@google.com,Chetan,chetan@weekday.works,9920264452,"Round1: <calendly_link>
Round2: <calendly_link>
Round 3: <calendly_link>",Round1,2 Nov 19:51
Google,Sundar Pichai,sundar@google.com,Chetan,chetan@weekday.works,9920264452,"Round1: <calendly_link>
Round2: <calendly_link>
Round 3: <calendly_link>",Round1,2 Nov 19:51
Google,Sundar Pichai,sundar@google.com,Chetan,chetan@weekday.works,9920264452,"Round1: <calendly_link>
Round2: <calendly_link>
Round 3: <calendly_link>",Round1,2 Nov 19:51
Google,Sundar Pichai,sundar@google.com,Chetan,chetan@weekday.works,9920264452,"Round1: <calendly_link>
Round2: <calendly_link>
Round 3: <calendly_link>",Round1,2 Nov 19:51
Google,Sundar Pichai,sundar@google.com,Chetan,chetan@weekday.works,9920264452,"Round1: <calendly_link>
Round2: <calendly_link>
Round 3: <calendly_link>",Round1,2 Nov 19:51
Google,Sundar Pichai,sundar@google.com,Chetan,chetan@weekday.works,9920264452,"Round1: <calendly_link>
Round2: <calendly_link>
Round 3: <calendly_link>",Round1,2 Nov 19:51
Google,Sundar Pichai,sundar@google.com,Chetan,chetan@weekday.works,9920264452,"Round1: <calendly_link>
Round2: <calendly_link>
Round 3: <calendly_link>",Round1,2 Nov 19:51
Google,Sundar Pichai,sundar@google.com,Chetan,chetan@weekday.works,9920264452,"Round1: <calendly_link>
Round2: <calendly_link>
Round 3: <calendly_link>",Round1,2 Nov 19:51
Google,Sundar Pichai,sundar@google.com,Chetan,chetan@weekday.works,9920264452,"Round1: <calendly_link>
Round2: <calendly_link>
Round 3: <calendly_link>",Round1,2 Nov 19:51
Google,Sundar Pichai,sundar@google.com,Chetan,chetan@weekday.works,9920264452,"Round1: <calendly_link>
Round2: <calendly_link>
Round 3: <calendly_link>",Round1,2 Nov 19:51
Google,Sundar Pichai,sundar@google.com,Chetan,chetan@weekday.works,9920264452,"Round1: <calendly_link>
Round2: <calendly_link>
Round 3: <calendly_link>",Round1,2 Nov 19:51
Google,Sundar Pichai,sundar@google.com,Chetan,chetan@weekday.works,9920264452,"Round1: <calendly_link>
Round2: <calendly_link>
Round 3: <calendly_link>",Round1,2 Nov 19:51
Google,Sundar Pichai,sundar@google.com,Chetan,chetan@weekday.works,9920264452,"Round1: <calendly_link>
Round2: <calendly_link>
Round 3: <calendly_link>",Round1,2 Nov 19:51
Google,Sundar Pichai,sundar@google.com,Chetan,chetan@weekday.works,9920264452,"Round1: <calendly_link>
Round2: <calendly_link>
Round 3: <calendly_link>",Round1,2 Nov 19:51
Google,Sundar Pichai,sundar@google.com,Chetan,chetan@weekday.works,9920264452,"Round1: <calendly_link>
Round2: <calendly_link>
Round 3: <calendly_link>",Round1,2 Nov 19:51
Google,Sundar Pichai,sundar@google.com,Chetan,chetan@weekday.works,9920264452,"Round1: <calendly_link>
Round2: <calendly_link>
Round 3: <calendly_link>",Round1,2 Nov 19:51
Google,Sundar Pichai,sundar@google.com,Chetan,chetan@weekday.works,9920264452,"Round1: <calendly_link>
Round2: <calendly_link>
Round 3: <calendly_link>",Round1,2 Nov 19:51
Google,Sundar Pichai,sundar@google.com,Chetan,chetan@weekday.works,9920264452,"Round1: <calendly_link>
Round2: <calendly_link>
Round 3: <calendly_link>",Round1,2 Nov 19:51
Google,Sundar Pichai,sundar@google.com,Chetan,chetan@weekday.works,9920264452,"Round1: <calendly_link>
Round2: <calendly_link>
Round 3: <calendly_link>",Round1,2 Nov 19:51
Google,Sundar Pichai,sundar@google.com,Chetan,chetan@weekday.works,9920264452,"Round1: <calendly_link>
Round2: <calendly_link>
Round 3: <calendly_link>",Round1,2 Nov 19:51
Google,Sundar Pichai,sundar@google.com,Chetan,chetan@weekday.works,9920264452,"Round1: <calendly_link>
Round2: <calendly_link>
Round 3: <calendly_link>",Round1,2 Nov 19:51
Google,Sundar Pichai,sundar@google.com,Chetan,chetan@weekday.works,9920264452,"Round1: <calendly_link>
Round2: <calendly_link>
Round 3: <calendly_link>",Round1,2 Nov 19:51
Google,Sundar Pichai,sundar@google.com,Chetan,chetan@weekday.works,9920264452,"Round1: <calendly_link>
Round2: <calendly_link>
Round 3: <calendly_link>",Round1,2 Nov 19:51
Google,Sundar Pichai,sundar@google.com,Chetan,chetan@weekday.works,9920264452,"Round1: <calendly_link>
Round2: <calendly_link>
Round 3: <calendly_link>",Round1,2 Nov 19:51
Google,Sundar Pichai,sundar@google.com,Chetan,chetan@weekday.works,9920264452,"Round1: <calendly_link>
Round2: <calendly_link>
Round 3: <calendly_link>",Round1,2 Nov 19:51
Google,Sundar Pichai,sundar@google.com,Chetan,chetan@weekday.works,9920264452,"Round1: <calendly_link>
Round2: <calendly_link>
Round 3: <calendly_link>",Round1,2 Nov 19:51
Google,Sundar Pichai,sundar@google.com,Chetan,chetan@weekday.works,9920264452,"Round1: <calendly_link>
Round2: <calendly_link>
Round 3: <calendly_link>",Round1,2 Nov 19:51
Google,Sundar Pichai,sundar@google.com,Chetan,chetan@weekday.works,9920264452,"Round1: <calendly_link>
Round2: <calendly_link>
Round 3: <calendly_link>",Round1,2 Nov 19:51
Google,Sundar Pichai,sundar@google.com,Chetan,chetan@weekday.works,9920264452,"Round1: <calendly_link>
Round2: <calendly_link>
Round 3: <calendly_link>",Round1,2 Nov 19:51
Google,Sundar Pichai,sundar@google.com,Chetan,chetan@weekday.works,9920264452,"Round1: <calendly_link>
Round2: <calendly_link>
Round 3: <calendly_link>",Round1,2 Nov 19:51
Google,Sundar Pichai,sundar@google.com,Chetan,chetan@weekday.works,9920264452,"Round1: <calendly_link>
Round2: <calendly_link>
Round 3: <calendly_link>",Round1,2 Nov 19:51
Google,Sundar Pichai,sundar@google.com,Chetan,chetan@weekday.works,9920264452,"Round1: <calendly_link>
Round2: <calendly_link>
Round 3: <calendly_link>",Round1,2 Nov 19:51
Google,Sundar Pichai,sundar@google.com,Chetan,chetan@weekday.works,9920264452,"Round1: <calendly_link>
Round2: <calendly_link>
Round 3: <calendly_link>",Round1,2 Nov 19:51
Google,Sundar Pichai,sundar@google.com,Chetan,chetan@weekday.works,9920264452,"Round1: <calendly_link>
Round2: <calendly_link>
Round 3: <calendly_link>",Round1,2 Nov 19:51
Google,Sundar Pichai,sundar@google.com,Chetan,chetan@weekday.works,9920264452,"Round1: <calendly_link>
Round2: <calendly_link>
Round 3: <calendly_link>",Round1,2 Nov 19:51
Google,Sundar Pichai,sundar@google.com,Chetan,chetan@weekday.works,9920264452,"Round1: <calendly_link>
Round2: <calendly_link>
Round 3: <calendly_link>",Round1,2 Nov 19:51
Google,Sundar Pichai,sundar@google.com,Chetan,chetan@weekday.works,9920264452,"Round1: <calendly_link>
Round2: <calendly_link>
Round 3: <calendly_link>",Round1,2 Nov 19:51
Google,Sundar Pichai,sundar@google.com,Chetan,chetan@weekday.works,9920264452,"Round1: <calendly_link>
Round2: <calendly_link>
Round 3: <calendly_link>",Round1,2 Nov 19:51
Google,Sundar Pichai,sundar@google.com,Chetan,chetan@weekday.works,9920264452,"Round1: <calendly_link>
Round2: <calendly_link>
Round 3: <calendly_link>",Round1,2 Nov 19:51
Google,Sundar Pichai,sundar@google.com,Chetan,chetan@weekday.works,9920264452,"Round1: <calendly_link>
Round2: <calendly_link>
Round 3: <calendly_link>",Round1,2 Nov 19:51
Google,Sundar Pichai,sundar@google.com,Chetan,chetan@weekday.works,9920264452,"Round1: <calendly_link>
Round2: <calendly_link>
Round 3: <calendly_link>",Round1,2 Nov 19:51
Google,Sundar Pichai,sundar@google.com,Chetan,chetan@weekday.works,9920264452,"Round1: <calendly_link>
Round2: <calendly_link>
Round 3: <calendly_link>",Round1,2 Nov 19:51
Google,Sundar Pichai,sundar@google.com,Chetan,chetan@weekday.works,9920264452,"Round1: <calendly_link>
Round2: <calendly_link>
Round 3: <calendly_link>",Round1,2 Nov 19:51
Google,Sundar Pichai,sundar@google.com,Chetan,chetan@weekday.works,9920264452,"Round1: <calendly_link>
Round2: <calendly_link>
Round 3: <calendly_link>",Round1,2 Nov 19:51
Google,Sundar Pichai,sundar@google.com,Chetan,chetan@weekday.works,9920264452,"Round1: <calendly_link>
Round2: <calendly_link>
Round 3: <calendly_link>",Round1,2 Nov 19:51
Google,Sundar Pichai,sundar@google.com,Chetan,chetan@weekday.works,9920264452,"Round1: <calendly_link>
Round2: <calendly_link>
Round 3: <calendly_link>",Round1,2 Nov 19:51
Google,Sundar Pichai,sundar@google.com,Chetan,chetan@weekday.works,9920264452,"Round1: <calendly_link>
Round2: <calendly_link>
Round 3: <calendly_link>",Round1,2 Nov 19:51
Google,Sundar Pichai,sundar@google.com,Chetan,chetan@weekday.works,9920264452,"Round1: <calendly_link>
Round2: <calendly_link>
Round 3: <calendly_link>",Round1,2 Nov 19:51
Google,Sundar Pichai,sundar@google.com,Chetan,chetan@weekday.works,9920264452,"Round1: <calendly_link>
Round2: <calendly_link>
Round 3: <calendly_link>",Round1,2 Nov 19:51
Google,Sundar Pichai,sundar@google.com,Chetan,chetan@weekday.works,9920264452,"Round1: <calendly_link>
Round2: <calendly_link>
Round 3: <calendly_link>",Round1,2 Nov 19:51
Google,Sundar Pichai,sundar@google.com,Chetan,chetan@weekday.works,9920264452,"Round1: <calendly_link>
Round2: <calendly_link>
Round 3: <calendly_link>",Round1,2 Nov 19:51
Google,Sundar Pichai,sundar@google.com,Chetan,chetan@weekday.works,9920264452,"Round1: <calendly_link>
Round2: <calendly_link>
Round 3: <calendly_link>",Round1,2 Nov 19:51
Google,Sundar Pichai,sundar@google.com,Chetan,chetan@weekday.works,9920264452,"Round1: <calendly_link>
Round2: <calendly_link>
Round 3: <calendly_link>",Round1,2 Nov 19:51
Google,Sundar Pichai,sundar@google.com,Chetan,chetan@weekday.works,9920264452,"Round1: <calendly_link>
Round2: <calendly_link>
Round 3: <calendly_link>",Round1,2 Nov 19:51
Google,Sundar Pichai,sundar@google.com,Chetan,chetan@weekday.works,9920264452,"Round1: <calendly_link>
Round2: <calendly_link>
Round 3: <calendly_link>",Round1,2 Nov 19:51
Google,Sundar Pichai,sundar@google.com,Chetan,chetan@weekday.works,9920264452,"Round1: <calendly_link>
Round2: <calendly_link>
Round 3: <calendly_link>",Round1,2 Nov 19:51
Google,Sundar Pichai,sundar@google.com,Chetan,chetan@weekday.works,9920264452,"Round1: <calendly_link>
Round2: <calendly_link>
Round 3: <calendly_link>",Round1,2 Nov 19:51
Google,Sundar Pichai,sundar@google.com,Chetan,chetan@weekday.works,9920264452,"Round1: <calendly_link>
Round2: <calendly_link>
Round 3: <calendly_link>",Round1,2 Nov 19:51
Google,Sundar Pichai,sundar@google.com,Chetan,chetan@weekday.works,9920264452,"Round1: <calendly_link>
Round2: <calendly_link>
Round 3: <calendly_link>",Round1,2 Nov 19:51
Google,Sundar Pichai,sundar@google.com,Chetan,chetan@weekday.works,9920264452,"Round1: <calendly_link>
Round2: <calendly_link>
Round 3: <calendly_link>",Round1,2 Nov 19:51
Google,Sundar Pichai,sundar@google.com,Chetan,chetan@weekday.works,9920264452,"Round1: <calendly_link>
Round2: <calendly_link>
Round 3: <calendly_link>",Round1,2 Nov 19:51
Google,Sundar Pichai,sundar@google.com,Chetan,chetan@weekday.works,9920264452,"Round1: <calendly_link>
Round2: <calendly_link>
Round 3: <calendly_link>",Round1,2 Nov 19:51
Google,Sundar Pichai,sundar@google.com,Chetan,chetan@weekday.works,9920264452,"Round1: <calendly_link>
Round2: <calendly_link>
Round 3: <calendly_link>",Round1,2 Nov 19:51
Google,Sundar Pichai,sundar@google.com,Chetan,chetan@weekday.works,9920264452,"Round1: <calendly_link>
Round2: <calendly_link>
Round 3: <calendly_link>",Round1,2 Nov 19:51
Google,Sundar Pichai,sundar@google.com,Chetan,chetan@weekday.works,9920264452,"Round1: <calendly_link>
Round2: <calendly_link>
Round 3: <calendly_link>",Round1,2 Nov 19:51
Google,Sundar Pichai,sundar@google.com,Chetan,chetan@weekday.works,9920264452,"Round1: <calendly_link>
Round2: <calendly_link>
Round 3: <calendly_link>",Round1,2 Nov 19:51
Google,Sundar Pichai,sundar@google.com,Chetan,chetan@weekday.works,9920264452,"Round1: <calendly_link>
Round2: <calendly_link>
Round 3: <calendly_link>",Round1,2 Nov 19:51
Google,Sundar Pichai,sundar@google.com,Chetan,chetan@weekday.works,9920264452,"Round1: <calendly_link>
Round2: <calendly_link>
Round 3: <calendly_link>",Round1,2 Nov 19:51
Google,Sundar Pichai,sundar@google.com,Chetan,chetan@weekday.works,9920264452,"Round1: <calendly_link>
Round2: <calendly_link>
Round 3: <calendly_link>",Round1,2 Nov 19:51
Google,Sundar Pichai,sundar@google.com,Chetan,chetan@weekday.works,9920264452,"Round1: <calendly_link>
Round2: <calendly_link>
Round 3: <calendly_link>",Round1,2 Nov 19:51
Google,Sundar Pichai,sundar@google.com,Chetan,chetan@weekday.works,9920264452,"Round1: <calendly_link>
Round2: <calendly_link>
Round 3: <calendly_link>",Round1,2 Nov 19:51
Google,Sundar Pichai,sundar@google.com,Chetan,chetan@weekday.works,9920264452,"Round1: <calendly_link>
Round2: <calendly_link>
Round 3: <calendly_link>",Round1,2 Nov 19:51
Google,Sundar Pichai,sundar@google.com,Chetan,chetan@weekday.works,9920264452,"Round1: <calendly_link>
Round2: <calendly_link>
Round 3: <calendly_link>",Round1,2 Nov 19:51
Google,Sundar Pichai,sundar@google.com,Chetan,chetan@weekday.works,9920264452,"Round1: <calendly_link>
Round2: <calendly_link>
Round 3: <calendly_link>",Round1,2 Nov 19:51
Google,Sundar Pichai,sundar@google.com,Chetan,chetan@weekday.works,9920264452,"Round1: <calendly_link>
Round2: <calendly_link>
Round 3: <calendly_link>",Round1,2 Nov 19:51
Google,Sundar Pichai,sundar@google.com,Chetan,chetan@weekday.works,9920264452,"Round1: <calendly_link>
Round2: <calendly_link>
Round 3: <calendly_link>",Round1,2 Nov 19:51
Google,Sundar Pichai,sundar@google.com,Chetan,chetan@weekday.works,9920264452,"Round1: <calendly_link>
Round2: <calendly_link>
Round 3: <calendly_link>",Round1,2 Nov 19:51
Google,Sundar Pichai,sundar@google.com,Chetan,chetan@weekday.works,9920264452,"Round1: <calendly_link>
Round2: <calendly_link>
Round 3: <calendly_link>",Round1,2 Nov 19:51
Google,Sundar Pichai,sundar@google.com,Chetan,chetan@weekday.works,9920264452,"Round1: <calendly_link>
Round2: <calendly_link>
Round 3: <calendly_link>",Round1,2 Nov 19:51
Google,Sundar Pichai,sundar@google.com,Chetan,chetan@weekday.works,9920264452,"Round1: <calendly_link>
Round2: <calendly_link>
Round 3: <calendly_link>",Round1,2 Nov 19:51
Google,Sundar Pichai,sundar@google.com,Chetan,chetan@weekday.works,9920264452,"Round1: <calendly_link>
Round2: <calendly_link>
Round 3: <calendly_link>",Round1,2 Nov 19:51
Google,Sundar Pichai,sundar@google.com,Chetan,chetan@weekday.works,9920264452,"Round1: <calendly_link>
Round2: <calendly_link>
Round 3: <calendly_link>",Round1,2 Nov 19:51
Google,Sundar Pichai,sundar@google.com,Chetan,chetan@weekday.works,9920264452,"Round1: <calendly_link>
Round2: <calendly_link>
Round 3: <calendly_link>",Round1,2 Nov 19:51
Google,Sundar Pichai,sundar@google.com,Chetan,chetan@weekday.works,9920264452,"Round1: <calendly_link>
Round2: <calendly_link>
Round 3: <calendly_link>",Round1,2 Nov 19:51
Google,Sundar Pichai,sundar@google.com,Chetan,chetan@weekday.works,9920264452,"Round1: <calendly_link>
Round2: <calendly_link>
Round 3: <calendly_link>",Round1,2 Nov 19:51
Google,Sundar Pichai,sundar@google.com,Chetan,chetan@weekday.works,9920264452,"Round1: <calendly_link>
Round2: <calendly_link>
Round 3: <calendly_link>",Round1,2 Nov 19:51
Google,Sundar Pichai,sundar@google.com,Chetan,chetan@weekday.works,9920264452,"Round1: <calendly_link>
Round2: <calendly_link>
Round 3: <calendly_link>",Round1,2 Nov 19:51
Google,Sundar Pichai,sundar@google.com,Chetan,chetan@weekday.works,9920264452,"Round1: <calendly_link>
Round2: <calendly_link>
Round 3: <calendly_link>",Round1,2 Nov 19:51
Google,Sundar Pichai,sundar@google.com,Chetan,chetan@weekday.works,9920264452,"Round1: <calendly_link>
Round2: <calendly_link>
Round 3: <calendly_link>",Round1,2 Nov 19:51
Google,Sundar Pichai,sundar@google.com,Chetan,chetan@weekday.works,9920264452,"Round1: <calendly_link>
Round2: <calendly_link>
Round 3: <calendly_link>",Round1,2 Nov 19:51
Google,Sundar Pichai,sundar@google.com,Chetan,chetan@weekday.works,9920264452,"Round1: <calendly_link>
Round2: <calendly_link>
Round 3: <calendly_link>",Round1,2 Nov 19:51
Google,Sundar Pichai,sundar@google.com,Chetan,chetan@weekday.works,9920264452,"Round1: <calendly_link>
Round2: <calendly_link>
Round 3: <calendly_link>",Round1,2 Nov 19:51
Google,Sundar Pichai,sundar@google.com,Chetan,chetan@weekday.works,9920264452,"Round1: <calendly_link>
Round2: <calendly_link>
Round 3: <calendly_link>",Round1,2 Nov 19:51
Google,Sundar Pichai,sundar@google.com,Chetan,chetan@weekday.works,9920264452,"Round1: <calendly_link>
Round2: <calendly_link>
Round 3: <calendly_link>",Round1,2 Nov 19:51
Google,Sundar Pichai,sundar@google.com,Chetan,chetan@weekday.works,9920264452,"Round1: <calendly_link>
Round2: <calendly_link>
Round 3: <calendly_link>",Round1,2 Nov 19:51
Google,Sundar Pichai,sundar@google.com,Chetan,chetan@weekday.works,9920264452,"Round1: <calendly_link>
Round2: <calendly_link>
Round 3: <calendly_link>",Round1,2 Nov 19:51
Google,Sundar Pichai,sundar@google.com,Chetan,chetan@weekday.works,9920264452,"Round1: <calendly_link>
Round2: <calendly_link>
Round 3: <calendly_link>",Round1,2 Nov 19:51
Google,Sundar Pichai,sundar@google.com,Chetan,chetan@weekday.works,9920264452,"Round1: <calendly_link>
Round2: <calendly_link>
Round 3: <calendly_link>",Round1,2 Nov 19:51
Google,Sundar Pichai,sundar@google.com,Chetan,chetan@weekday.works,9920264452,"Round1: <calendly_link>
Round2: <calendly_link>
Round 3: <calendly_link>",Round1,2 Nov 19:51
Google,Sundar Pichai,sundar@google.com,Chetan,chetan@weekday.works,9920264452,"Round1: <calendly_link>
Round2: <calendly_link>
Round 3: <calendly_link>",Round1,2 Nov 19:51
Google,Sundar Pichai,sundar@google.com,Chetan,chetan@weekday.works,9920264452,"Round1: <calendly_link>
Round2: <calendly_link>
Round 3: <calendly_link>",Round1,2 Nov 19:51
Google,Sundar Pichai,sundar@google.com,Chetan,chetan@weekday.works,9920264452,"Round1: <calendly_link>
Round2: <calendly_link>
Round 3: <calendly_link>",Round1,2 Nov 19:51
Google,Sundar Pichai,sundar@google.com,Chetan,chetan@weekday.works,9920264452,"Round1: <calendly_link>
Round2: <calendly_link>
Round 3: <calendly_link>",Round1,2 Nov 19:51
Google,Sundar Pichai,sundar@google.com,Chetan,chetan@weekday.works,9920264452,"Round1: <calendly_link>
Round2: <calendly_link>
Round 3: <calendly_link>",Round1,2 Nov 19:51
Google,Sundar Pichai,sundar@google.com,Chetan,chetan@weekday.works,9920264452,"Round1: <calendly_link>
Round2: <calendly_link>
Round 3: <calendly_link>",Round1,2 Nov 19:51
Google,Sundar Pichai,sundar@google.com,Chetan,chetan@weekday.works,9920264452,"Round1: <calendly_link>
Round2: <calendly_link>
Round 3: <calendly_link>",Round1,2 Nov 19:51
Google,Sundar Pichai,sundar@google.com,Chetan,chetan@weekday.works,9920264452,"Round1: <calendly_link>
Round2: <calendly_link>
Round 3: <calendly_link>",Round1,2 Nov 19:51
Google,Sundar Pichai,sundar@google.com,Chetan,chetan@weekday.works,9920264452,"Round1: <calendly_link>
Round2: <calendly_link>
Round 3: <calendly_link>",Round1,2 Nov 19:51
Google,Sundar Pichai,sundar@google.com,Chetan,chetan@weekday.works,9920264452,"Round1: <calendly_link>
Round2: <calendly_link>
Round 3: <calendly_link>",Round1,2 Nov 19:51
Google,Sundar Pichai,sundar@google.com,Chetan,chetan@weekday.works,9920264452,"Round1: <calendly_link>
Round2: <calendly_link>
Round 3: <calendly_link>",Round1,2 Nov 19:51
Google,Sundar Pichai,sundar@google.com,Chetan,chetan@weekday.works,9920264452,"Round1: <calendly_link>
Round2: <calendly_link>
Round 3: <calendly_link>",Round1,2 Nov 19:51
Google,Sundar Pichai,sundar@google.com,Chetan,chetan@weekday.works,9920264452,"Round1: <calendly_link>
Round2: <calendly_link>
Round 3: <calendly_link>",Round1,2 Nov 19:51
Google,Sundar Pichai,sundar@google.com,Chetan,chetan@weekday.works,9920264452,"Round1: <calendly_link>
Round2: <calendly_link>
Round 3: <calendly_link>",Round1,2 Nov 19:51
Google,Sundar Pichai,sundar@google.com,Chetan,chetan@weekday.works,9920264452,"Round1: <calendly_link>
Round2: <calendly_link>
Round 3: <calendly_link>",Round1,2 Nov 19:51
Google,Sundar Pichai,sundar@google.com,Chetan,chetan@weekday.works,9920264452,"Round1: <calendly_link>
Round2: <calendly_link>
Round 3: <calendly_link>",Round1,2 Nov 19:51
Google,Sundar Pichai,sundar@google.com,Chetan,chetan@weekday.works,9920264452,"Round1: <calendly_link>
Round2: <calendly_link>
Round 3: <calendly_link>",Round1,2 Nov 19:51
Google,Sundar Pichai,sundar@google.com,Chetan,chetan@weekday.works,9920264452,"Round1: <calendly_link>
Round2: <calendly_link>
Round 3: <calendly_link>",Round1,2 Nov 19:51
Google,Sundar Pichai,sundar@google.com,Chetan,chetan@weekday.works,9920264452,"Round1: <calendly_link>
Round2: <calendly_link>
Round 3: <calendly_link>",Round1,2 Nov 19:51
Google,Sundar Pichai,sundar@google.com,Chetan,chetan@weekday.works,9920264452,"Round1: <calendly_link>
Round2: <calendly_link>
Round 3: <calendly_link>",Round1,2 Nov 19:51
Google,Sundar Pichai,sundar@google.com,Chetan,chetan@weekday.works,9920264452,"Round1: <calendly_link>
Round2: <calendly_link>
Round 3: <calendly_link>",Round1,2 Nov 19:51
Google,Sundar Pichai,sundar@google.com,Chetan,chetan@weekday.works,9920264452,"Round1: <calendly_link>
Round2: <calendly_link>
Round 3: <calendly_link>",Round1,2 Nov 19:51
Google,Sundar Pichai,sundar@google.com,Chetan,chetan@weekday.works,9920264452,"Round1: <calendly_link>
Round2: <calendly_link>
Round 3: <calendly_link>",Round1,2 Nov 19:51
Google,Sundar Pichai,sundar@google.com,Chetan,chetan@weekday.works,9920264452,"Round1: <calendly_link>
Round2: <calendly_link>
Round 3: <calendly_link>",Round1,2 Nov 19:51
Google,Sundar Pichai,sundar@google.com,Chetan,chetan@weekday.works,9920264452,"Round1: <calendly_link>
Round2: <calendly_link>
Round 3: <calendly_link>",Round1,2 Nov 19:51
Google,Sundar Pichai,sundar@google.com,Chetan,chetan@weekday.works,9920264452,"Round1: <calendly_link>
Round2: <calendly_link>
Round 3: <calendly_link>",Round1,2 Nov 19:51
Google,Sundar Pichai,sundar@google.com,Chetan,chetan@weekday.works,9920264452,"Round1: <calendly_link>
Round2: <calendly_link>
Round 3: <calendly_link>",Round1,2 Nov 19:51
Google,Sundar Pichai,sundar@google.com,Chetan,chetan@weekday.works,9920264452,"Round1: <calendly_link>
Round2: <calendly_link>
Round 3: <calendly_link>",Round1,2 Nov 19:51
Google,Sundar Pichai,sundar@google.com,Chetan,chetan@weekday.works,9920264452,"Round1: <calendly_link>
Round2: <calendly_link>
Round 3: <calendly_link>",Round1,2 Nov 19:51
Google,Sundar Pichai,sundar@google.com,Chetan,chetan@weekday.works,9920264452,"Round1: <calendly_link>
Round2: <calendly_link>
Round 3: <calendly_link>",Round1,2 Nov 19:51
Google,Sundar Pichai,sundar@google.com,Chetan,chetan@weekday.works,9920264452,"Round1: <calendly_link>
Round2: <calendly_link>
Round 3: <calendly_link>",Round1,2 Nov 19:51
Google,Sundar Pichai,sundar@google.com,Chetan,chetan@weekday.works,9920264452,"Round1: <calendly_link>
Round2: <calendly_link>
Round 3: <calendly_link>",Round1,2 Nov 19:51
Google,Sundar Pichai,sundar@google.com,Chetan,chetan@weekday.works,9920264452,"Round1: <calendly_link>
Round2: <calendly_link>
Round 3: <calendly_link>",Round1,2 Nov 19:51
Google,Sundar Pichai,sundar@google.com,Chetan,chetan@weekday.works,9920264452,"Round1: <calendly_link>
Round2: <calendly_link>
Round 3: <calendly_link>",Round1,2 Nov 19:51
Google,Sundar Pichai,sundar@google.com,Chetan,chetan@weekday.works,9920264452,"Round1: <calendly_link>
Round2: <calendly_link>
Round 3: <calendly_link>",Round1,2 Nov 19:51
Google,Sundar Pichai,sundar@google.com,Chetan,chetan@weekday.works,9920264452,"Round1: <calendly_link>
Round2: <calendly_link>
Round 3: <calendly_link>",Round1,2 Nov 19:51
Google,Sundar Pichai,sundar@google.com,Chetan,chetan@weekday.works,9920264452,"Round1: <calendly_link>
Round2: <calendly_link>
Round 3: <calendly_link>",Round1,2 Nov 19:51
Google,Sundar Pichai,sundar@google.com,Chetan,chetan@weekday.works,9920264452,"Round1: <calendly_link>
Round2: <calendly_link>
Round 3: <calendly_link>",Round1,2 Nov 19:51
Google,Sundar Pichai,sundar@google.com,Chetan,chetan@weekday.works,9920264452,"Round1: <calendly_link>
Round2: <calendly_link>
Round 3: <calendly_link>",Round1,2 Nov 19:51
Google,Sundar Pichai,sundar@google.com,Chetan,chetan@weekday.works,9920264452,"Round1: <calendly_link>
Round2: <calendly_link>
Round 3: <calendly_link>",Round1,2 Nov 19:51
Google,Sundar Pichai,sundar@google.com,Chetan,chetan@weekday.works,9920264452,"Round1: <calendly_link>
Round2: <calendly_link>
Round 3: <calendly_link>",Round1,2 Nov 19:51
Google,Sundar Pichai,sundar@google.com,Chetan,chetan@weekday.works,9920264452,"Round1: <calendly_link>
Round2: <calendly_link>
Round 3: <calendly_link>",Round1,2 Nov 19:51
Google,Sundar Pichai,sundar@google.com,Chetan,chetan@weekday.works,9920264452,"Round1: <calendly_link>
Round2: <calendly_link>
Round 3: <calendly_link>",Round1,2 Nov 19:51
Google,Sundar Pichai,sundar@google.com,Chetan,chetan@weekday.works,9920264452,"Round1: <calendly_link>
Round2: <calendly_link>
Round 3: <calendly_link>",Round1,2 Nov 19:51
Google,Sundar Pichai,sundar@google.com,Chetan,chetan@weekday.works,9920264452,"Round1: <calendly_link>
Round2: <calendly_link>
Round 3: <calendly_link>",Round1,2 Nov 19:51
Google,Sundar Pichai,sundar@google.com,Chetan,chetan@weekday.works,9920264452,"Round1: <calendly_link>
Round2: <calendly_link>
Round 3: <calendly_link>",Round1,2 Nov 19:51
Google,Sundar Pichai,sundar@google.com,Chetan,chetan@weekday.works,9920264452,"Round1: <calendly_link>
Round2: <calendly_link>
Round 3: <calendly_link>",Round1,2 Nov 19:51
Google,Sundar Pichai,sundar@google.com,Chetan,chetan@weekday.works,9920264452,"Round1: <calendly_link>
Round2: <calendly_link>
Round 3: <calendly_link>",Round1,2 Nov 19:51
Google,Sundar Pichai,sundar@google.com,Chetan,chetan@weekday.works,9920264452,"Round1: <calendly_link>
Round2: <calendly_link>
Round 3: <calendly_link>",Round1,2 Nov 19:51
Google,Sundar Pichai,sundar@google.com,Chetan,chetan@weekday.works,9920264452,"Round1: <calendly_link>
Round2: <calendly_link>
Round 3: <calendly_link>",Round1,2 Nov 19:51
Google,Sundar Pichai,sundar@google.com,Chetan,chetan@weekday.works,9920264452,"Round1: <calendly_link>
Round2: <calendly_link>
Round 3: <calendly_link>",Round1,2 Nov 19:51
Google,Sundar Pichai,sundar@google.com,Chetan,chetan@weekday.works,9920264452,"Round1: <calendly_link>
Round2: <calendly_link>
Round 3: <calendly_link>",Round1,2 Nov 19:51
Google,Sundar Pichai,sundar@google.com,Chetan,chetan@weekday.works,9920264452,"Round1: <calendly_link>
Round2: <calendly_link>
Round 3: <calendly_link>",Round1,2 Nov 19:51
Google,Sundar Pichai,sundar@google.com,Chetan,chetan@weekday.works,9920264452,"Round1: <calendly_link>
Round2: <calendly_link>
Round 3: <calendly_link>",Round1,2 Nov 19:51
Google,Sundar Pichai,sundar@google.com,Chetan,chetan@weekday.works,9920264452,"Round1: <calendly_link>
Round2: <calendly_link>
Round 3: <calendly_link>",Round1,2 Nov 19:51
Google,Sundar Pichai,sundar@google.com,Chetan,chetan@weekday.works,9920264452,"Round1: <calendly_link>
Round2: <calendly_link>
Round 3: <calendly_link>",Round1,2 Nov 19:51
Google,Sundar Pichai,sundar@google.com,Chetan,chetan@weekday.works,9920264452,"Round1: <calendly_link>
Round2: <calendly_link>
Round 3: <calendly_link>",Round1,2 Nov 19:51
Google,Sundar Pichai,sundar@google.com,Chetan,chetan@weekday.works,9920264452,"Round1: <calendly_link>
Round2: <calendly_link>
Round 3: <calendly_link>",Round1,2 Nov 19:51
Google,Sundar Pichai,sundar@google.com,Chetan,chetan@weekday.works,9920264452,"Round1: <calendly_link>
Round2: <calendly_link>
Round 3: <calendly_link>",Round1,2 Nov 19:51
Google,Sundar Pichai,sundar@google.com,Chetan,chetan@weekday.works,9920264452,"Round1: <calendly_link>
Round2: <calendly_link>
Round 3: <calendly_link>",Round1,2 Nov 19:51
Google,Sundar Pichai,sundar@google.com,Chetan,chetan@weekday.works,9920264452,"Round1: <calendly_link>
Round2: <calendly_link>
Round 3: <calendly_link>",Round1,2 Nov 19:51
Google,Sundar Pichai,sundar@google.com,Chetan,chetan@weekday.works,9920264452,"Round1: <calendly_link>
Round2: <calendly_link>
Round 3: <calendly_link>",Round1,2 Nov 19:51
Google,Sundar Pichai,sundar@google.com,Chetan,chetan@weekday.works,9920264452,"Round1: <calendly_link>
Round2: <calendly_link>
Round 3: <calendly_link>",Round1,2 Nov 19:51
Google,Sundar Pichai,sundar@google.com,Chetan,chetan@weekday.works,9920264452,"Round1: <calendly_link>
Round2: <calendly_link>
Round 3: <calendly_link>",Round1,2 Nov 19:51
Google,Sundar Pichai,sundar@google.com,Chetan,chetan@weekday.works,9920264452,"Round1: <calendly_link>
Round2: <calendly_link>
Round 3: <calendly_link>",Round1,2 Nov 19:51
Google,Sundar Pichai,sundar@google.com,Chetan,chetan@weekday.works,9920264452,"Round1: <calendly_link>
Round2: <calendly_link>
Round 3: <calendly_link>",Round1,2 Nov 19:51
Google,Sundar Pichai,sundar@google.com,Chetan,chetan@weekday.works,9920264452,"Round1: <calendly_link>
Round2: <calendly_link>
Round 3: <calendly_link>",Round1,2 Nov 19:51
Google,Sundar Pichai,sundar@google.com,Chetan,chetan@weekday.works,9920264452,"Round1: <calendly_link>
Round2: <calendly_link>
Round 3: <calendly_link>",Round1,2 Nov 19:51
Google,Sundar Pichai,sundar@google.com,Chetan,chetan@weekday.works,9920264452,"Round1: <calendly_link>
Round2: <calendly_link>
Round 3: <calendly_link>",Round1,2 Nov 19:51
Google,Sundar Pichai,sundar@google.com,Chetan,chetan@weekday.works,9920264452,"Round1: <calendly_link>
Round2: <calendly_link>
Round 3: <calendly_link>",Round1,2 Nov 19:51
Google,Sundar Pichai,sundar@google.com,Chetan,chetan@weekday.works,9920264452,"Round1: <calendly_link>
Round2: <calendly_link>
Round 3: <calendly_link>",Round1,2 Nov 19:51
Google,Sundar Pichai,sundar@google.com,Chetan,chetan@weekday.works,9920264452,"Round1: <calendly_link>
Round2: <calendly_link>
Round 3: <calendly_link>",Round1,2 Nov 19:51
Google,Sundar Pichai,sundar@google.com,Chetan,chetan@weekday.works,9920264452,"Round1: <calendly_link>
Round2: <calendly_link>
Round 3: <calendly_link>",Round1,2 Nov 19:51
Google,Sundar Pichai,sundar@google.com,Chetan,chetan@weekday.works,9920264452,"Round1: <calendly_link>
Round2: <calendly_link>
Round 3: <calendly_link>",Round1,2 Nov 19:51
Google,Sundar Pichai,sundar@google.com,Chetan,chetan@weekday.works,9920264452,"Round1: <calendly_link>
Round2: <calendly_link>
Round 3: <calendly_link>",Round1,2 Nov 19:51
Google,Sundar Pichai,sundar@google.com,Chetan,chetan@weekday.works,9920264452,"Round1: <calendly_link>
Round2: <calendly_link>
Round 3: <calendly_link>",Round1,2 Nov 19:51
Google,Sundar Pichai,sundar@google.com,Chetan,chetan@weekday.works,9920264452,"Round1: <calendly_link>
Round2: <calendly_link>
Round 3: <calendly_link>",Round1,2 Nov 19:51
Google,Sundar Pichai,sundar@google.com,Chetan,chetan@weekday.works,9920264452,"Round1: <calendly_link>
Round2: <calendly_link>
Round 3: <calendly_link>",Round1,2 Nov 19:51
Google,Sundar Pichai,sundar@google.com,Chetan,chetan@weekday.works,9920264452,"Round1: <calendly_link>
Round2: <calendly_link>
Round 3: <calendly_link>",Round1,2 Nov 19:51
Google,Sundar Pichai,sundar@google.com,Chetan,chetan@weekday.works,9920264452,"Round1: <calendly_link>
Round2: <calendly_link>
Round 3: <calendly_link>",Round1,2 Nov 19:51
Google,Sundar Pichai,sundar@google.com,Chetan,chetan@weekday.works,9920264452,"Round1: <calendly_link>
Round2: <calendly_link>
Round 3: <calendly_link>",Round1,2 Nov 19:51
Google,Sundar Pichai,sundar@google.com,Chetan,chetan@weekday.works,9920264452,"Round1: <calendly_link>
Round2: <calendly_link>
Round 3: <calendly_link>",Round1,2 Nov 19:51
Google,Sundar Pichai,sundar@google.com,Chetan,chetan@weekday.works,9920264452,"Round1: <calendly_link>
Round2: <calendly_link>
Round 3: <calendly_link>",Round1,2 Nov 19:51
Google,Sundar Pichai,sundar@google.com,Chetan,chetan@weekday.works,9920264452,"Round1: <calendly_link>
Round2: <calendly_link>
Round 3: <calendly_link>",Round1,2 Nov 19:51
Google,Sundar Pichai,sundar@google.com,Chetan,chetan@weekday.works,9920264452,"Round1: <calendly_link>
Round2: <calendly_link>
Round 3: <calendly_link>",Round1,2 Nov 19:51
Google,Sundar Pichai,sundar@google.com,Chetan,chetan@weekday.works,9920264452,"Round1: <calendly_link>
Round2: <calendly_link>
Round 3: <calendly_link>",Round1,2 Nov 19:51
Google,Sundar Pichai,sundar@google.com,Chetan,chetan@weekday.works,9920264452,"Round1: <calendly_link>
Round2: <calendly_link>
Round 3: <calendly_link>",Round1,2 Nov 19:51
Google,Sundar Pichai,sundar@google.com,Chetan,chetan@weekday.works,9920264452,"Round1: <calendly_link>
Round2: <calendly_link>
Round 3: <calendly_link>",Round1,2 Nov 19:51
Google,Sundar Pichai,sundar@google.com,Chetan,chetan@weekday.works,9920264452,"Round1: <calendly_link>
Round2: <calendly_link>
Round 3: <calendly_link>",Round1,2 Nov 19:51
Google,Sundar Pichai,sundar@google.com,Chetan,chetan@weekday.works,9920264452,"Round1: <calendly_link>
Round2: <calendly_link>
Round 3: <calendly_link>",Round1,2 Nov 19:51
Google,Sundar Pichai,sundar@google.com,Chetan,chetan@weekday.works,9920264452,"Round1: <calendly_link>
Round2: <calendly_link>
Round 3: <calendly_link>",Round1,2 Nov 19:51
Google,Sundar Pichai,sundar@google.com,Chetan,chetan@weekday.works,9920264452,"Round1: <calendly_link>
Round2: <calendly_link>
Round 3: <calendly_link>",Round1,2 Nov 19:51
Google,Sundar Pichai,sundar@google.com,Chetan,chetan@weekday.works,9920264452,"Round1: <calendly_link>
Round2: <calendly_link>
Round 3: <calendly_link>",Round1,2 Nov 19:51
Google,Sundar Pichai,sundar@google.com,Chetan,chetan@weekday.works,9920264452,"Round1: <calendly_link>
Round2: <calendly_link>
Round 3: <calendly_link>",Round1,2 Nov 19:51
Google,Sundar Pichai,sundar@google.com,Chetan,chetan@weekday.works,9920264452,"Round1: <calendly_link>
Round2: <calendly_link>
Round 3: <calendly_link>",Round1,2 Nov 19:51
Google,Sundar Pichai,sundar@google.com,Chetan,chetan@weekday.works,9920264452,"Round1: <calendly_link>
Round2: <calendly_link>
Round 3: <calendly_link>",Round1,2 Nov 19:51
Google,Sundar Pichai,sundar@google.com,Chetan,chetan@weekday.works,9920264452,"Round1: <calendly_link>
Round2: <calendly_link>
Round 3: <calendly_link>",Round1,2 Nov 19:51
Google,Sundar Pichai,sundar@google.com,Chetan,chetan@weekday.works,9920264452,"Round1: <calendly_link>
Round2: <calendly_link>
Round 3: <calendly_link>",Round1,2 Nov 19:51
Google,Sundar Pichai,sundar@google.com,Chetan,chetan@weekday.works,9920264452,"Round1: <calendly_link>
Round2: <calendly_link>
Round 3: <calendly_link>",Round1,2 Nov 19:51
Google,Sundar Pichai,sundar@google.com,Chetan,chetan@weekday.works,9920264452,"Round1: <calendly_link>
Round2: <calendly_link>
Round 3: <calendly_link>",Round1,2 Nov 19:51
Google,Sundar Pichai,sundar@google.com,Chetan,chetan@weekday.works,9920264452,"Round1: <calendly_link>
Round2: <calendly_link>
Round 3: <calendly_link>",Round1,2 Nov 19:51
Google,Sundar Pichai,sundar@google.com,Chetan,chetan@weekday.works,9920264452,"Round1: <calendly_link>
Round2: <calendly_link>
Round 3: <calendly_link>",Round1,2 Nov 19:51
Google,Sundar Pichai,sundar@google.com,Chetan,chetan@weekday.works,9920264452,"Round1: <calendly_link>
Round2: <calendly_link>
Round 3: <calendly_link>",Round1,2 Nov 19:51
Google,Sundar Pichai,sundar@google.com,Chetan,chetan@weekday.works,9920264452,"Round1: <calendly_link>
Round2: <calendly_link>
Round 3: <calendly_link>",Round1,2 Nov 19:51
Google,Sundar Pichai,sundar@google.com,Chetan,chetan@weekday.works,9920264452,"Round1: <calendly_link>
Round2: <calendly_link>
Round 3: <calendly_link>",Round1,2 Nov 19:51
Google,Sundar Pichai,sundar@google.com,Chetan,chetan@weekday.works,9920264452,"Round1: <calendly_link>
Round2: <calendly_link>
Round 3: <calendly_link>",Round1,2 Nov 19:51
Google,Sundar Pichai,sundar@google.com,Chetan,chetan@weekday.works,9920264452,"Round1: <calendly_link>
Round2: <calendly_link>
Round 3: <calendly_link>",Round1,2 Nov 19:51
Google,Sundar Pichai,sundar@google.com,Chetan,chetan@weekday.works,9920264452,"Round1: <calendly_link>
Round2: <calendly_link>
Round 3: <calendly_link>",Round1,2 Nov 19:51
Google,Sundar Pichai,sundar@google.com,Chetan,chetan@weekday.works,9920264452,"Round1: <calendly_link>
Round2: <calendly_link>
Round 3: <calendly_link>",Round1,2 Nov 19:51
Google,Sundar Pichai,sundar@google.com,Chetan,chetan@weekday.works,9920264452,"Round1: <calendly_link>
Round2: <calendly_link>
Round 3: <calendly_link>",Round1,2 Nov 19:51
Google,Sundar Pichai,sundar@google.com,Chetan,chetan@weekday.works,9920264452,"Round1: <calendly_link>
Round2: <calendly_link>
Round 3: <calendly_link>",Round1,2 Nov 19:51
Google,Sundar Pichai,sundar@google.com,Chetan,chetan@weekday.works,9920264452,"Round1: <calendly_link>
Round2: <calendly_link>
Round 3: <calendly_link>",Round1,2 Nov 19:51
Google,Sundar Pichai,sundar@google.com,Chetan,chetan@weekday.works,9920264452,"Round1: <calendly_link>
Round2: <calendly_link>
Round 3: <calendly_link>",Round1,2 Nov 19:51
Google,Sundar Pichai,sundar@google.com,Chetan,chetan@weekday.works,9920264452,"Round1: <calendly_link>
Round2: <calendly_link>
Round 3: <calendly_link>",Round1,2 Nov 19:51
Google,Sundar Pichai,sundar@google.com,Chetan,chetan@weekday.works,9920264452,"Round1: <calendly_link>
Round2: <calendly_link>
Round 3: <calendly_link>",Round1,2 Nov 19:51
Google,Sundar Pichai,sundar@google.com,Chetan,chetan@weekday.works,9920264452,"Round1: <calendly_link>
Round2: <calendly_link>
Round 3: <calendly_link>",Round1,2 Nov 19:51
Google,Sundar Pichai,sundar@google.com,Chetan,chetan@weekday.works,9920264452,"Round1: <calendly_link>
Round2: <calendly_link>
Round 3: <calendly_link>",Round1,2 Nov 19:51
Google,Sundar Pichai,sundar@google.com,Chetan,chetan@weekday.works,9920264452,"Round1: <calendly_link>
Round2: <calendly_link>
Round 3: <calendly_link>",Round1,2 Nov 19:51
Google,Sundar Pichai,sundar@google.com,Chetan,chetan@weekday.works,9920264452,"Round1: <calendly_link>
Round2: <calendly_link>
Round 3: <calendly_link>",Round1,2 Nov 19:51
Google,Sundar Pichai,sundar@google.com,Chetan,chetan@weekday.works,9920264452,"Round1: <calendly_link>
Round2: <calendly_link>
Round 3: <calendly_link>",Round1,2 Nov 19:51
Google,Sundar Pichai,sundar@google.com,Chetan,chetan@weekday.works,9920264452,"Round1: <calendly_link>
Round2: <calendly_link>
Round 3: <calendly_link>",Round1,2 Nov 19:51
Google,Sundar Pichai,sundar@google.com,Chetan,chetan@weekday.works,9920264452,"Round1: <calendly_link>
Round2: <calendly_link>
Round 3: <calendly_link>",Round1,2 Nov 19:51
Google,Sundar Pichai,sundar@google.com,Chetan,chetan@weekday.works,9920264452,"Round1: <calendly_link>
Round2: <calendly_link>
Round 3: <calendly_link>",Round1,2 Nov 19:51
Google,Sundar Pichai,sundar@google.com,Chetan,chetan@weekday.works,9920264452,"Round1: <calendly_link>
Round2: <calendly_link>
Round 3: <calendly_link>",Round1,2 Nov 19:51
Google,Sundar Pichai,sundar@google.com,Chetan,chetan@weekday.works,9920264452,"Round1: <calendly_link>
Round2: <calendly_link>
Round 3: <calendly_link>",Round1,2 Nov 19:51
Google,Sundar Pichai,sundar@google.com,Chetan,chetan@weekday.works,9920264452,"Round1: <calendly_link>
Round2: <calendly_link>
Round 3: <calendly_link>",Round1,2 Nov 19:51
Google,Sundar Pichai,sundar@google.com,Chetan,chetan@weekday.works,9920264452,"Round1: <calendly_link>
Round2: <calendly_link>
Round 3: <calendly_link>",Round1,2 Nov 19:51
Google,Sundar Pichai,sundar@google.com,Chetan,chetan@weekday.works,9920264452,"Round1: <calendly_link>
Round2: <calendly_link>
Round 3: <calendly_link>",Round1,2 Nov 19:51
Google,Sundar Pichai,sundar@google.com,Chetan,chetan@weekday.works,9920264452,"Round1: <calendly_link>
Round2: <calendly_link>
Round 3: <calendly_link>",Round1,2 Nov 19:51
Google,Sundar Pichai,sundar@google.com,Chetan,chetan@weekday.works,9920264452,"Round1: <calendly_link>
Round2: <calendly_link>
Round 3: <calendly_link>",Round1,2 Nov 19:51
Google,Sundar Pichai,sundar@google.com,Chetan,chetan@weekday.works,9920264452,"Round1: <calendly_link>
Round2: <calendly_link>
Round 3: <calendly_link>",Round1,2 Nov 19:51
Google,Sundar Pichai,sundar@google.com,Chetan,chetan@weekday.works,9920264452,"Round1: <calendly_link>
Round2: <calendly_link>
Round 3: <calendly_link>",Round1,2 Nov 19:51
Google,Sundar Pichai,sundar@google.com,Chetan,chetan@weekday.works,9920264452,"Round1: <calendly_link>
Round2: <calendly_link>
Round 3: <calendly_link>",Round1,2 Nov 19:51
Google,Sundar Pichai,sundar@google.com,Chetan,chetan@weekday.works,9920264452,"Round1: <calendly_link>
Round2: <calendly_link>
Round 3: <calendly_link>",Round1,2 Nov 19:51
Google,Sundar Pichai,sundar@google.com,Chetan,chetan@weekday.works,9920264452,"Round1: <calendly_link>
Round2: <calendly_link>
Round 3: <calendly_link>",Round1,2 Nov 19:51
Google,Sundar Pichai,sundar@google.com,Chetan,chetan@weekday.works,9920264452,"Round1: <calendly_link>
Round2: <calendly_link>
Round 3: <calendly_link>",Round1,2 Nov 19:51
Google,Sundar Pichai,sundar@google.com,Chetan,chetan@weekday.works,9920264452,"Round1: <calendly_link>
Round2: <calendly_link>
Round 3: <calendly_link>",Round1,2 Nov 19:51
Google,Sundar Pichai,sundar@google.com,Chetan,chetan@weekday.works,9920264452,"Round1: <calendly_link>
Round2: <calendly_link>
Round 3: <calendly_link>",Round1,2 Nov 19:51
Google,Sundar Pichai,sundar@google.com,Chetan,chetan@weekday.works,9920264452,"Round1: <calendly_link>
Round2: <calendly_link>
Round 3: <calendly_link>",Round1,2 Nov 19:51
Google,Sundar Pichai,sundar@google.com,Chetan,chetan@weekday.works,9920264452,"Round1: <calendly_link>
Round2: <calendly_link>
Round 3: <calendly_link>",Round1,2 Nov 19:51
Google,Sundar Pichai,sundar@google.com,Chetan,chetan@weekday.works,9920264452,"Round1: <calendly_link>
Round2: <calendly_link>
Round 3: <calendly_link>",Round1,2 Nov 19:51
Google,Sundar Pichai,sundar@google.com,Chetan,chetan@weekday.works,9920264452,"Round1: <calendly_link>
Round2: <calendly_link>
Round 3: <calendly_link>",Round1,2 Nov 19:51
Google,Sundar Pichai,sundar@google.com,Chetan,chetan@weekday.works,9920264452,"Round1: <calendly_link>
Round2: <calendly_link>
Round 3: <calendly_link>",Round1,2 Nov 19:51
Google,Sundar Pichai,sundar@google.com,Chetan,chetan@weekday.works,9920264452,"Round1: <calendly_link>
Round2: <calendly_link>
Round 3: <calendly_link>",Round1,2 Nov 19:51
Google,Sundar Pichai,sundar@google.com,Chetan,chetan@weekday.works,9920264452,"Round1: <calendly_link>
Round2: <calendly_link>
Round 3: <calendly_link>",Round1,2 Nov 19:51
Google,Sundar Pichai,sundar@google.com,Chetan,chetan@weekday.works,9920264452,"Round1: <calendly_link>
Round2: <calendly_link>
Round 3: <calendly_link>",Round1,2 Nov 19:51
Google,Sundar Pichai,sundar@google.com,Chetan,chetan@weekday.works,9920264452,"Round1: <calendly_link>
Round2: <calendly_link>
Round 3: <calendly_link>",Round1,2 Nov 19:51
Google,Sundar Pichai,sundar@google.com,Chetan,chetan@weekday.works,9920264452,"Round1: <calendly_link>
Round2: <calendly_link>
Round 3: <calendly_link>",Round1,2 Nov 19:51
Google,Sundar Pichai,sundar@google.com,Chetan,chetan@weekday.works,9920264452,"Round1: <calendly_link>
Round2: <calendly_link>
Round 3: <calendly_link>",Round1,2 Nov 19:51
Google,Sundar Pichai,sundar@google.com,Chetan,chetan@weekday.works,9920264452,"Round1: <calendly_link>
Round2: <calendly_link>
Round 3: <calendly_link>",Round1,2 Nov 19:51
Google,Sundar Pichai,sundar@google.com,Chetan,chetan@weekday.works,9920264452,"Round1: <calendly_link>
Round2: <calendly_link>
Round 3: <calendly_link>",Round1,2 Nov 19:51
Google,Sundar Pichai,sundar@google.com,Chetan,chetan@weekday.works,9920264452,"Round1: <calendly_link>
Round2: <calendly_link>
Round 3: <calendly_link>",Round1,2 Nov 19:51
Google,Sundar Pichai,sundar@google.com,Chetan,chetan@weekday.works,9920264452,"Round1: <calendly_link>
Round2: <calendly_link>
Round 3: <calendly_link>",Round1,2 Nov 19:51
Google,Sundar Pichai,sundar@google.com,Chetan,chetan@weekday.works,9920264452,"Round1: <calendly_link>
Round2: <calendly_link>
Round 3: <calendly_link>",Round1,2 Nov 19:51
Google,Sundar Pichai,sundar@google.com,Chetan,chetan@weekday.works,9920264452,"Round1: <calendly_link>
Round2: <calendly_link>
Round 3: <calendly_link>",Round1,2 Nov 19:51
Google,Sundar Pichai,sundar@google.com,Chetan,chetan@weekday.works,9920264452,"Round1: <calendly_link>
Round2: <calendly_link>
Round 3: <calendly_link>",Round1,2 Nov 19:51
Google,Sundar Pichai,sundar@google.com,Chetan,chetan@weekday.works,9920264452,"Round1: <calendly_link>
Round2: <calendly_link>
Round 3: <calendly_link>",Round1,2 Nov 19:51
Google,Sundar Pichai,sundar@google.com,Chetan,chetan@weekday.works,9920264452,"Round1: <calendly_link>
Round2: <calendly_link>
Round 3: <calendly_link>",Round1,2 Nov 19:51
Google,Sundar Pichai,sundar@google.com,Chetan,chetan@weekday.works,9920264452,"Round1: <calendly_link>
Round2: <calendly_link>
Round 3: <calendly_link>",Round1,2 Nov 19:51
Google,Sundar Pichai,sundar@google.com,Chetan,chetan@weekday.works,9920264452,"Round1: <calendly_link>
Round2: <calendly_link>
Round 3: <calendly_link>",Round1,2 Nov 19:51
Google,Sundar Pichai,sundar@google.com,Chetan,chetan@weekday.works,9920264452,"Round1: <calendly_link>
Round2: <calendly_link>
Round 3: <calendly_link>",Round1,2 Nov 19:51
Google,Sundar Pichai,sundar@google.com,Chetan,chetan@weekday.works,9920264452,"Round1: <calendly_link>
Round2: <calendly_link>
Round 3: <calendly_link>",Round1,2 Nov 19:51
Google,Sundar Pichai,sundar@google.com,Chetan,chetan@weekday.works,9920264452,"Round1: <calendly_link>
Round2: <calendly_link>
Round 3: <calendly_link>",Round1,2 Nov 19:51
Google,Sundar Pichai,sundar@google.com,Chetan,chetan@weekday.works,9920264452,"Round1: <calendly_link>
Round2: <calendly_link>
Round 3: <calendly_link>",Round1,2 Nov 19:51
Google,Sundar Pichai,sundar@google.com,Chetan,chetan@weekday.works,9920264452,"Round1: <calendly_link>
Round2: <calendly_link>
Round 3: <calendly_link>",Round1,2 Nov 19:51
Google,Sundar Pichai,sundar@google.com,Chetan,chetan@weekday.works,9920264452,"Round1: <calendly_link>
Round2: <calendly_link>
Round 3: <calendly_link>",Round1,2 Nov 19:51
Google,Sundar Pichai,sundar@google.com,Chetan,chetan@weekday.works,9920264452,"Round1: <calendly_link>
Round2: <calendly_link>
Round 3: <calendly_link>",Round1,2 Nov 19:51
Google,Sundar Pichai,sundar@google.com,Chetan,chetan@weekday.works,9920264452,"Round1: <calendly_link>
Round2: <calendly_link>
Round 3: <calendly_link>",Round1,2 Nov 19:51
Google,Sundar Pichai,sundar@google.com,Chetan,chetan@weekday.works,9920264452,"Round1: <calendly_link>
Round2: <calendly_link>
Round 3: <calendly_link>",Round1,2 Nov 19:51
Google,Sundar Pichai,sundar@google.com,Chetan,chetan@weekday.works,9920264452,"Round1: <calendly_link>
Round2: <calendly_link>
Round 3: <calendly_link>",Round1,2 Nov 19:51
Google,Sundar Pichai,sundar@google.com,Chetan,chetan@weekday.works,9920264452,"Round1: <calendly_link>
Round2: <calendly_link>
Round 3: <calendly_link>",Round1,2 Nov 19:51
Google,Sundar Pichai,sundar@google.com,Chetan,chetan@weekday.works,9920264452,"Round1: <calendly_link>
Round2: <calendly_link>
Round 3: <calendly_link>",Round1,2 Nov 19:51
Google,Sundar Pichai,sundar@google.com,Chetan,chetan@weekday.works,9920264452,"Round1: <calendly_link>
Round2: <calendly_link>
Round 3: <calendly_link>",Round1,2 Nov 19:51
Google,Sundar Pichai,sundar@google.com,Chetan,chetan@weekday.works,9920264452,"Round1: <calendly_link>
Round2: <calendly_link>
Round 3: <calendly_link>",Round1,2 Nov 19:51
Google,Sundar Pichai,sundar@google.com,Chetan,chetan@weekday.works,9920264452,"Round1: <calendly_link>
Round2: <calendly_link>
Round 3: <calendly_link>",Round1,2 Nov 19:51
Google,Sundar Pichai,sundar@google.com,Chetan,chetan@weekday.works,9920264452,"Round1: <calendly_link>
Round2: <calendly_link>
Round 3: <calendly_link>",Round1,2 Nov 19:51
Google,Sundar Pichai,sundar@google.com,Chetan,chetan@weekday.works,9920264452,"Round1: <calendly_link>
Round2: <calendly_link>
Round 3: <calendly_link>",Round1,2 Nov 19:51
Google,Sundar Pichai,sundar@google.com,Chetan,chetan@weekday.works,9920264452,"Round1: <calendly_link>
Round2: <calendly_link>
Round 3: <calendly_link>",Round1,2 Nov 19:51
Google,Sundar Pichai,sundar@google.com,Chetan,chetan@weekday.works,9920264452,"Round1: <calendly_link>
Round2: <calendly_link>
Round 3: <calendly_link>",Round1,2 Nov 19:51
Google,Sundar Pichai,sundar@google.com,Chetan,chetan@weekday.works,9920264452,"Round1: <calendly_link>
Round2: <calendly_link>
Round 3: <calendly_link>",Round1,2 Nov 19:51
Google,Sundar Pichai,sundar@google.com,Chetan,chetan@weekday.works,9920264452,"Round1: <calendly_link>
Round2: <calendly_link>
Round 3: <calendly_link>",Round1,2 Nov 19:51
Google,Sundar Pichai,sundar@google.com,Chetan,chetan@weekday.works,9920264452,"Round1: <calendly_link>
Round2: <calendly_link>
Round 3: <calendly_link>",Round1,2 Nov 19:51
Google,Sundar Pichai,sundar@google.com,Chetan,chetan@weekday.works,9920264452,"Round1: <calendly_link>
Round2: <calendly_link>
Round 3: <calendly_link>",Round1,2 Nov 19:51
Google,Sundar Pichai,sundar@google.com,Chetan,chetan@weekday.works,9920264452,"Round1: <calendly_link>
Round2: <calendly_link>
Round 3: <calendly_link>",Round1,2 Nov 19:51
Google,Sundar Pichai,sundar@google.com,Chetan,chetan@weekday.works,9920264452,"Round1: <calendly_link>
Round2: <calendly_link>
Round 3: <calendly_link>",Round1,2 Nov 19:51
Google,Sundar Pichai,sundar@google.com,Chetan,chetan@weekday.works,9920264452,"Round1: <calendly_link>
Round2: <calendly_link>
Round 3: <calendly_link>",Round1,2 Nov 19:51
Google,Sundar Pichai,sundar@google.com,Chetan,chetan@weekday.works,9920264452,"Round1: <calendly_link>
Round2: <calendly_link>
Round 3: <calendly_link>",Round1,2 Nov 19:51
Google,Sundar Pichai,sundar@google.com,Chetan,chetan@weekday.works,9920264452,"Round1: <calendly_link>
Round2: <calendly_link>
Round 3: <calendly_link>",Round1,2 Nov 19:51
Google,Sundar Pichai,sundar@google.com,Chetan,chetan@weekday.works,9920264452,"Round1: <calendly_link>
Round2: <calendly_link>
Round 3: <calendly_link>",Round1,2 Nov 19:51
Google,Sundar Pichai,sundar@google.com,Chetan,chetan@weekday.works,9920264452,"Round1: <calendly_link>
Round2: <calendly_link>
Round 3: <calendly_link>",Round1,2 Nov 19:51
Google,Sundar Pichai,sundar@google.com,Chetan,chetan@weekday.works,9920264452,"Round1: <calendly_link>
Round2: <calendly_link>
Round 3: <calendly_link>",Round1,2 Nov 19:51
Google,Sundar Pichai,sundar@google.com,Chetan,chetan@weekday.works,9920264452,"Round1: <calendly_link>
Round2: <calendly_link>
Round 3: <calendly_link>",Round1,2 Nov 19:51
Google,Sundar Pichai,sundar@google.com,Chetan,chetan@weekday.works,9920264452,"Round1: <calendly_link>
Round2: <calendly_link>
Round 3: <calendly_link>",Round1,2 Nov 19:51
Google,Sundar Pichai,sundar@google.com,Chetan,chetan@weekday.works,9920264452,"Round1: <calendly_link>
Round2: <calendly_link>
Round 3: <calendly_link>",Round1,2 Nov 19:51
Google,Sundar Pichai,sundar@google.com,Chetan,chetan@weekday.works,9920264452,"Round1: <calendly_link>
Round2: <calendly_link>
Round 3: <calendly_link>",Round1,2 Nov 19:51
Google,Sundar Pichai,sundar@google.com,Chetan,chetan@weekday.works,9920264452,"Round1: <calendly_link>
Round2: <calendly_link>
Round 3: <calendly_link>",Round1,2 Nov 19:51
Google,Sundar Pichai,sundar@google.com,Chetan,chetan@weekday.works,9920264452,"Round1: <calendly_link>
Round2: <calendly_link>
Round 3: <calendly_link>",Round1,2 Nov 19:51
Google,Sundar Pichai,sundar@google.com,Chetan,chetan@weekday.works,9920264452,"Round1: <calendly_link>
Round2: <calendly_link>
Round 3: <calendly_link>",Round1,2 Nov 19:51
Google,Sundar Pichai,sundar@google.com,Chetan,chetan@weekday.works,9920264452,"Round1: <calendly_link>
Round2: <calendly_link>
Round 3: <calendly_link>",Round1,2 Nov 19:51
Google,Sundar Pichai,sundar@google.com,Chetan,chetan@weekday.works,9920264452,"Round1: <calendly_link>
Round2: <calendly_link>
Round 3: <calendly_link>",Round1,2 Nov 19:51
Google,Sundar Pichai,sundar@google.com,Chetan,chetan@weekday.works,9920264452,"Round1: <calendly_link>
Round2: <calendly_link>
Round 3: <calendly_link>",Round1,2 Nov 19:51
Google,Sundar Pichai,sundar@google.com,Chetan,chetan@weekday.works,9920264452,"Round1: <calendly_link>
Round2: <calendly_link>
Round 3: <calendly_link>",Round1,2 Nov 19:51
Google,Sundar Pichai,sundar@google.com,Chetan,chetan@weekday.works,9920264452,"Round1: <calendly_link>
Round2: <calendly_link>
Round 3: <calendly_link>",Round1,2 Nov 19:51
Google,Sundar Pichai,sundar@google.com,Chetan,chetan@weekday.works,9920264452,"Round1: <calendly_link>
Round2: <calendly_link>
Round 3: <calendly_link>",Round1,2 Nov 19:51
Google,Sundar Pichai,sundar@google.com,Chetan,chetan@weekday.works,9920264452,"Round1: <calendly_link>
Round2: <calendly_link>
Round 3: <calendly_link>",Round1,2 Nov 19:51
Google,Sundar Pichai,sundar@google.com,Chetan,chetan@weekday.works,9920264452,"Round1: <calendly_link>
Round2: <calendly_link>
Round 3: <calendly_link>",Round1,2 Nov 19:51
Google,Sundar Pichai,sundar@google.com,Chetan,chetan@weekday.works,9920264452,"Round1: <calendly_link>
Round2: <calendly_link>
Round 3: <calendly_link>",Round1,2 Nov 19:51
Google,Sundar Pichai,sundar@google.com,Chetan,chetan@weekday.works,9920264452,"Round1: <calendly_link>
Round2: <calendly_link>
Round 3: <calendly_link>",Round1,2 Nov 19:51
Google,Sundar Pichai,sundar@google.com,Chetan,chetan@weekday.works,9920264452,"Round1: <calendly_link>
Round2: <calendly_link>
Round 3: <calendly_link>",Round1,2 Nov 19:51
Google,Sundar Pichai,sundar@google.com,Chetan,chetan@weekday.works,9920264452,"Round1: <calendly_link>
Round2: <calendly_link>
Round 3: <calendly_link>",Round1,2 Nov 19:51
Google,Sundar Pichai,sundar@google.com,Chetan,chetan@weekday.works,9920264452,"Round1: <calendly_link>
Round2: <calendly_link>
Round 3: <calendly_link>",Round1,2 Nov 19:51
Google,Sundar Pichai,sundar@google.com,Chetan,chetan@weekday.works,9920264452,"Round1: <calendly_link>
Round2: <calendly_link>
Round 3: <calendly_link>",Round1,2 Nov 19:51
Google,Sundar Pichai,sundar@google.com,Chetan,chetan@weekday.works,9920264452,"Round1: <calendly_link>
Round2: <calendly_link>
Round 3: <calendly_link>",Round1,2 Nov 19:51
Google,Sundar Pichai,sundar@google.com,Chetan,chetan@weekday.works,9920264452,"Round1: <calendly_link>
Round2: <calendly_link>
Round 3: <calendly_link>",Round1,2 Nov 19:51
Google,Sundar Pichai,sundar@google.com,Chetan,chetan@weekday.works,9920264452,"Round1: <calendly_link>
Round2: <calendly_link>
Round 3: <calendly_link>",Round1,2 Nov 19:51
Google,Sundar Pichai,sundar@google.com,Chetan,chetan@weekday.works,9920264452,"Round1: <calendly_link>
Round2: <calendly_link>
Round 3: <calendly_link>",Round1,2 Nov 19:51
Google,Sundar Pichai,sundar@google.com,Chetan,chetan@weekday.works,9920264452,"Round1: <calendly_link>
Round2: <calendly_link>
Round 3: <calendly_link>",Round1,2 Nov 19:51
Google,Sundar Pichai,sundar@google.com,Chetan,chetan@weekday.works,9920264452,"Round1: <calendly_link>
Round2: <calendly_link>
Round 3: <calendly_link>",Round1,2 Nov 19:51
Google,Sundar Pichai,sundar@google.com,Chetan,chetan@weekday.works,9920264452,"Round1: <calendly_link>
Round2: <calendly_link>
Round 3: <calendly_link>",Round1,2 Nov 19:51
Google,Sundar Pichai,sundar@google.com,Chetan,chetan@weekday.works,9920264452,"Round1: <calendly_link>
Round2: <calendly_link>
Round 3: <calendly_link>",Round1,2 Nov 19:51
Google,Sundar Pichai,sundar@google.com,Chetan,chetan@weekday.works,9920264452,"Round1: <calendly_link>
Round2: <calendly_link>
Round 3: <calendly_link>",Round1,2 Nov 19:51
Google,Sundar Pichai,sundar@google.com,Chetan,chetan@weekday.works,9920264452,"Round1: <calendly_link>
Round2: <calendly_link>
Round 3: <calendly_link>",Round1,2 Nov 19:51
Google,Sundar Pichai,sundar@google.com,Chetan,chetan@weekday.works,9920264452,"Round1: <calendly_link>
Round2: <calendly_link>
Round 3: <calendly_link>",Round1,2 Nov 19:51
Google,Sundar Pichai,sundar@google.com,Chetan,chetan@weekday.works,9920264452,"Round1: <calendly_link>
Round2: <calendly_link>
Round 3: <calendly_link>",Round1,2 Nov 19:51
Google,Sundar Pichai,sundar@google.com,Chetan,chetan@weekday.works,9920264452,"Round1: <calendly_link>
Round2: <calendly_link>
Round 3: <calendly_link>",Round1,2 Nov 19:51
Google,Sundar Pichai,sundar@google.com,Chetan,chetan@weekday.works,9920264452,"Round1: <calendly_link>
Round2: <calendly_link>
Round 3: <calendly_link>",Round1,2 Nov 19:51
Google,Sundar Pichai,sundar@google.com,Chetan,chetan@weekday.works,9920264452,"Round1: <calendly_link>
Round2: <calendly_link>
Round 3: <calendly_link>",Round1,2 Nov 19:51
Google,Sundar Pichai,sundar@google.com,Chetan,chetan@weekday.works,9920264452,"Round1: <calendly_link>
Round2: <calendly_link>
Round 3: <calendly_link>",Round1,2 Nov 19:51
Google,Sundar Pichai,sundar@google.com,Chetan,chetan@weekday.works,9920264452,"Round1: <calendly_link>
Round2: <calendly_link>
Round 3: <calendly_link>",Round1,2 Nov 19:51
Google,Sundar Pichai,sundar@google.com,Chetan,chetan@weekday.works,9920264452,"Round1: <calendly_link>
Round2: <calendly_link>
Round 3: <calendly_link>",Round1,2 Nov 19:51
Google,Sundar Pichai,sundar@google.com,Chetan,chetan@weekday.works,9920264452,"Round1: <calendly_link>
Round2: <calendly_link>
Round 3: <calendly_link>",Round1,2 Nov 19:51
Google,Sundar Pichai,sundar@google.com,Chetan,chetan@weekday.works,9920264452,"Round1: <calendly_link>
Round2: <calendly_link>
Round 3: <calendly_link>",Round1,2 Nov 19:51
Google,Sundar Pichai,sundar@google.com,Chetan,chetan@weekday.works,9920264452,"Round1: <calendly_link>
Round2: <calendly_link>
Round 3: <calendly_link>",Round1,2 Nov 19:51
Google,Sundar Pichai,sundar@google.com,Chetan,chetan@weekday.works,9920264452,"Round1: <calendly_link>
Round2: <calendly_link>
Round 3: <calendly_link>",Round1,2 Nov 19:51
Google,Sundar Pichai,sundar@google.com,Chetan,chetan@weekday.works,9920264452,"Round1: <calendly_link>
Round2: <calendly_link>
Round 3: <calendly_link>",Round1,2 Nov 19:51
Google,Sundar Pichai,sundar@google.com,Chetan,chetan@weekday.works,9920264452,"Round1: <calendly_link>
Round2: <calendly_link>
Round 3: <calendly_link>",Round1,2 Nov 19:51
Google,Sundar Pichai,sundar@google.com,Chetan,chetan@weekday.works,9920264452,"Round1: <calendly_link>
Round2: <calendly_link>
Round 3: <calendly_link>",Round1,2 Nov 19:51
Google,Sundar Pichai,sundar@google.com,Chetan,chetan@weekday.works,9920264452,"Round1: <calendly_link>
Round2: <calendly_link>
Round 3: <calendly_link>",Round1,2 Nov 19:51
Google,Sundar Pichai,sundar@google.com,Chetan,chetan@weekday.works,9920264452,"Round1: <calendly_link>
Round2: <calendly_link>
Round 3: <calendly_link>",Round1,2 Nov 19:51
Google,Sundar Pichai,sundar@google.com,Chetan,chetan@weekday.works,9920264452,"Round1: <calendly_link>
Round2: <calendly_link>
Round 3: <calendly_link>",Round1,2 Nov 19:51
Google,Sundar Pichai,sundar@google.com,Chetan,chetan@weekday.works,9920264452,"Round1: <calendly_link>
Round2: <calendly_link>
Round 3: <calendly_link>",Round1,2 Nov 19:51
Google,Sundar Pichai,sundar@google.com,Chetan,chetan@weekday.works,9920264452,"Round1: <calendly_link>
Round2: <calendly_link>
Round 3: <calendly_link>",Round1,2 Nov 19:51
Google,Sundar Pichai,sundar@google.com,Chetan,chetan@weekday.works,9920264452,"Round1: <calendly_link>
Round2: <calendly_link>
Round 3: <calendly_link>",Round1,2 Nov 19:51
Google,Sundar Pichai,sundar@google.com,Chetan,chetan@weekday.works,9920264452,"Round1: <calendly_link>
Round2: <calendly_link>
Round 3: <calendly_link>",Round1,2 Nov 19:51
Google,Sundar Pichai,sundar@google.com,Chetan,chetan@weekday.works,9920264452,"Round1: <calendly_link>
Round2: <calendly_link>
Round 3: <calendly_link>",Round1,2 Nov 19:51
Google,Sundar Pichai,sundar@google.com,Chetan,chetan@weekday.works,9920264452,"Round1: <calendly_link>
Round2: <calendly_link>
Round 3: <calendly_link>",Round1,2 Nov 19:51
Google,Sundar Pichai,sundar@google.com,Chetan,chetan@weekday.works,9920264452,"Round1: <calendly_link>
Round2: <calendly_link>
Round 3: <calendly_link>",Round1,2 Nov 19:51
Google,Sundar Pichai,sundar@google.com,Chetan,chetan@weekday.works,9920264452,"Round1: <calendly_link>
Round2: <calendly_link>
Round 3: <calendly_link>",Round1,2 Nov 19:51
Google,Sundar Pichai,sundar@google.com,Chetan,chetan@weekday.works,9920264452,"Round1: <calendly_link>
Round2: <calendly_link>
Round 3: <calendly_link>",Round1,2 Nov 19:51
Google,Sundar Pichai,sundar@google.com,Chetan,chetan@weekday.works,9920264452,"Round1: <calendly_link>
Round2: <calendly_link>
Round 3: <calendly_link>",Round1,2 Nov 19:51
Google,Sundar Pichai,sundar@google.com,Chetan,chetan@weekday.works,9920264452,"Round1: <calendly_link>
Round2: <calendly_link>
Round 3: <calendly_link>",Round1,2 Nov 19:51
Google,Sundar Pichai,sundar@google.com,Chetan,chetan@weekday.works,9920264452,"Round1: <calendly_link>
Round2: <calendly_link>
Round 3: <calendly_link>",Round1,2 Nov 19:51
Google,Sundar Pichai,sundar@google.com,Chetan,chetan@weekday.works,9920264452,"Round1: <calendly_link>
Round2: <calendly_link>
Round 3: <calendly_link>",Round1,2 Nov 19:51
Google,Sundar Pichai,sundar@google.com,Chetan,chetan@weekday.works,9920264452,"Round1: <calendly_link>
Round2: <calendly_link>
Round 3: <calendly_link>",Round1,2 Nov 19:51
Google,Sundar Pichai,sundar@google.com,Chetan,chetan@weekday.works,9920264452,"Round1: <calendly_link>
Round2: <calendly_link>
Round 3: <calendly_link>",Round1,2 Nov 19:51
Google,Sundar Pichai,sundar@google.com,Chetan,chetan@weekday.works,9920264452,"Round1: <calendly_link>
Round2: <calendly_link>
Round 3: <calendly_link>",Round1,2 Nov 19:51
Google,Sundar Pichai,sundar@google.com,Chetan,chetan@weekday.works,9920264452,"Round1: <calendly_link>
Round2: <calendly_link>
Round 3: <calendly_link>",Round1,2 Nov 19:51
Google,Sundar Pichai,sundar@google.com,Chetan,chetan@weekday.works,9920264452,"Round1: <calendly_link>
Round2: <calendly_link>
Round 3: <calendly_link>",Round1,2 Nov 19:51
Google,Sundar Pichai,sundar@google.com,Chetan,chetan@weekday.works,9920264452,"Round1: <calendly_link>
Round2: <calendly_link>
Round 3: <calendly_link>",Round1,2 Nov 19:51
Google,Sundar Pichai,sundar@google.com,Chetan,chetan@weekday.works,9920264452,"Round1: <calendly_link>
Round2: <calendly_link>
Round 3: <calendly_link>",Round1,2 Nov 19:51
Google,Sundar Pichai,sundar@google.com,Chetan,chetan@weekday.works,9920264452,"Round1: <calendly_link>
Round2: <calendly_link>
Round 3: <calendly_link>",Round1,2 Nov 19:51
Google,Sundar Pichai,sundar@google.com,Chetan,chetan@weekday.works,9920264452,"Round1: <calendly_link>
Round2: <calendly_link>
Round 3: <calendly_link>",Round1,2 Nov 19:51
Google,Sundar Pichai,sundar@google.com,Chetan,chetan@weekday.works,9920264452,"Round1: <calendly_link>
Round2: <calendly_link>
Round 3: <calendly_link>",Round1,2 Nov 19:51
Google,Sundar Pichai,sundar@google.com,Chetan,chetan@weekday.works,9920264452,"Round1: <calendly_link>
Round2: <calendly_link>
Round 3: <calendly_link>",Round1,2 Nov 19:51
Google,Sundar Pichai,sundar@google.com,Chetan,chetan@weekday.works,9920264452,"Round1: <calendly_link>
Round2: <calendly_link>
Round 3: <calendly_link>",Round1,2 Nov 19:51
Google,Sundar Pichai,sundar@google.com,Chetan,chetan@weekday.works,9920264452,"Round1: <calendly_link>
Round2: <calendly_link>
Round 3: <calendly_link>",Round1,2 Nov 19:51
Google,Sundar Pichai,sundar@google.com,Chetan,chetan@weekday.works,9920264452,"Round1: <calendly_link>
Round2: <calendly_link>
Round 3: <calendly_link>",Round1,2 Nov 19:51
Google,Sundar Pichai,sundar@google.com,Chetan,chetan@weekday.works,9920264452,"Round1: <calendly_link>
Round2: <calendly_link>
Round 3: <calendly_link>",Round1,2 Nov 19:51
Google,Sundar Pichai,sundar@google.com,Chetan,chetan@weekday.works,9920264452,"Round1: <calendly_link>
Round2: <calendly_link>
Round 3: <calendly_link>",Round1,2 Nov 19:51
Google,Sundar Pichai,sundar@google.com,Chetan,chetan@weekday.works,9920264452,"Round1: <calendly_link>
Round2: <calendly_link>
Round 3: <calendly_link>",Round1,2 Nov 19:51
Google,Sundar Pichai,sundar@google.com,Chetan,chetan@weekday.works,9920264452,"Round1: <calendly_link>
Round2: <calendly_link>
Round 3: <calendly_link>",Round1,2 Nov 19:51
Google,Sundar Pichai,sundar@google.com,Chetan,chetan@weekday.works,9920264452,"Round1: <calendly_link>
Round2: <calendly_link>
Round 3: <calendly_link>",Round1,2 Nov 19:51
Google,Sundar Pichai,sundar@google.com,Chetan,chetan@weekday.works,9920264452,"Round1: <calendly_link>
Round2: <calendly_link>
Round 3: <calendly_link>",Round1,2 Nov 19:51
Google,Sundar Pichai,sundar@google.com,Chetan,chetan@weekday.works,9920264452,"Round1: <calendly_link>
Round2: <calendly_link>
Round 3: <calendly_link>",Round1,2 Nov 19:51
Google,Sundar Pichai,sundar@google.com,Chetan,chetan@weekday.works,9920264452,"Round1: <calendly_link>
Round2: <calendly_link>
Round 3: <calendly_link>",Round1,2 Nov 19:51
Google,Sundar Pichai,sundar@google.com,Chetan,chetan@weekday.works,9920264452,"Round1: <calendly_link>
Round2: <calendly_link>
Round 3: <calendly_link>",Round1,2 Nov 19:51
Google,Sundar Pichai,sundar@google.com,Chetan,chetan@weekday.works,9920264452,"Round1: <calendly_link>
Round2: <calendly_link>
Round 3: <calendly_link>",Round1,2 Nov 19:51
Google,Sundar Pichai,sundar@google.com,Chetan,chetan@weekday.works,9920264452,"Round1: <calendly_link>
Round2: <calendly_link>
Round 3: <calendly_link>",Round1,2 Nov 19:51
Google,Sundar Pichai,sundar@google.com,Chetan,chetan@weekday.works,9920264452,"Round1: <calendly_link>
Round2: <calendly_link>
Round 3: <calendly_link>",Round1,2 Nov 19:51
Google,Sundar Pichai,sundar@google.com,Chetan,chetan@weekday.works,9920264452,"Round1: <calendly_link>
Round2: <calendly_link>
Round 3: <calendly_link>",Round1,2 Nov 19:51
Google,Sundar Pichai,sundar@google.com,Chetan,chetan@weekday.works,9920264452,"Round1: <calendly_link>
Round2: <calendly_link>
Round 3: <calendly_link>",Round1,2 Nov 19:51
Google,Sundar Pichai,sundar@google.com,Chetan,chetan@weekday.works,9920264452,"Round1: <calendly_link>
Round2: <calendly_link>
Round 3: <calendly_link>",Round1,2 Nov 19:51
Google,Sundar Pichai,sundar@google.com,Chetan,chetan@weekday.works,9920264452,"Round1: <calendly_link>
Round2: <calendly_link>
Round 3: <calendly_link>",Round1,2 Nov 19:51
Google,Sundar Pichai,sundar@google.com,Chetan,chetan@weekday.works,9920264452,"Round1: <calendly_link>
Round2: <calendly_link>
Round 3: <calendly_link>",Round1,2 Nov 19:51
Google,Sundar Pichai,sundar@google.com,Chetan,chetan@weekday.works,9920264452,"Round1: <calendly_link>
Round2: <calendly_link>
Round 3: <calendly_link>",Round1,2 Nov 19:51
Google,Sundar Pichai,sundar@google.com,Chetan,chetan@weekday.works,9920264452,"Round1: <calendly_link>
Round2: <calendly_link>
Round 3: <calendly_link>",Round1,2 Nov 19:51
Google,Sundar Pichai,sundar@google.com,Chetan,chetan@weekday.works,9920264452,"Round1: <calendly_link>
Round2: <calendly_link>
Round 3: <calendly_link>",Round1,2 Nov 19:51
Google,Sundar Pichai,sundar@google.com,Chetan,chetan@weekday.works,9920264452,"Round1: <calendly_link>
Round2: <calendly_link>
Round 3: <calendly_link>",Round1,2 Nov 19:51
Google,Sundar Pichai,sundar@google.com,Chetan,chetan@weekday.works,9920264452,"Round1: <calendly_link>
Round2: <calendly_link>
Round 3: <calendly_link>",Round1,2 Nov 19:51
Google,Sundar Pichai,sundar@google.com,Chetan,chetan@weekday.works,9920264452,"Round1: <calendly_link>
Round2: <calendly_link>
Round 3: <calendly_link>",Round1,2 Nov 19:51
Google,Sundar Pichai,sundar@google.com,Chetan,chetan@weekday.works,9920264452,"Round1: <calendly_link>
Round2: <calendly_link>
Round 3: <calendly_link>",Round1,2 Nov 19:51
Google,Sundar Pichai,sundar@google.com,Chetan,chetan@weekday.works,9920264452,"Round1: <calendly_link>
Round2: <calendly_link>
Round 3: <calendly_link>",Round1,2 Nov 19:51
Google,Sundar Pichai,sundar@google.com,Chetan,chetan@weekday.works,9920264452,"Round1: <calendly_link>
Round2: <calendly_link>
Round 3: <calendly_link>",Round1,2 Nov 19:51
Google,Sundar Pichai,sundar@google.com,Chetan,chetan@weekday.works,9920264452,"Round1: <calendly_link>
Round2: <calendly_link>
Round 3: <calendly_link>",Round1,2 Nov 19:51
Google,Sundar Pichai,sundar@google.com,Chetan,chetan@weekday.works,9920264452,"Round1: <calendly_link>
Round2: <calendly_link>
Round 3: <calendly_link>",Round1,2 Nov 19:51
Google,Sundar Pichai,sundar@google.com,Chetan,chetan@weekday.works,9920264452,"Round1: <calendly_link>
Round2: <calendly_link>
Round 3: <calendly_link>",Round1,2 Nov 19:51
Google,Sundar Pichai,sundar@google.com,Chetan,chetan@weekday.works,9920264452,"Round1: <calendly_link>
Round2: <calendly_link>
Round 3: <calendly_link>",Round1,2 Nov 19:51
Google,Sundar Pichai,sundar@google.com,Chetan,chetan@weekday.works,9920264452,"Round1: <calendly_link>
Round2: <calendly_link>
Round 3: <calendly_link>",Round1,2 Nov 19:51
Google,Sundar Pichai,sundar@google.com,Chetan,chetan@weekday.works,9920264452,"Round1: <calendly_link>
Round2: <calendly_link>
Round 3: <calendly_link>",Round1,2 Nov 19:51
Google,Sundar Pichai,sundar@google.com,Chetan,chetan@weekday.works,9920264452,"Round1: <calendly_link>
Round2: <calendly_link>
Round 3: <calendly_link>",Round1,2 Nov 19:51
Google,Sundar Pichai,sundar@google.com,Chetan,chetan@weekday.works,9920264452,"Round1: <calendly_link>
Round2: <calendly_link>
Round 3: <calendly_link>",Round1,2 Nov 19:51
Google,Sundar Pichai,sundar@google.com,Chetan,chetan@weekday.works,9920264452,"Round1: <calendly_link>
Round2: <calendly_link>
Round 3: <calendly_link>",Round1,2 Nov 19:51
Google,Sundar Pichai,sundar@google.com,Chetan,chetan@weekday.works,9920264452,"Round1: <calendly_link>
Round2: <calendly_link>
Round 3: <calendly_link>",Round1,2 Nov 19:51
Google,Sundar Pichai,sundar@google.com,Chetan,chetan@weekday.works,9920264452,"Round1: <calendly_link>
Round2: <calendly_link>
Round 3: <calendly_link>",Round1,2 Nov 19:51
Google,Sundar Pichai,sundar@google.com,Chetan,chetan@weekday.works,9920264452,"Round1: <calendly_link>
Round2: <calendly_link>
Round 3: <calendly_link>",Round1,2 Nov 19:51
Google,Sundar Pichai,sundar@google.com,Chetan,chetan@weekday.works,9920264452,"Round1: <calendly_link>
Round2: <calendly_link>
Round 3: <calendly_link>",Round1,2 Nov 19:51
Google,Sundar Pichai,sundar@google.com,Chetan,chetan@weekday.works,9920264452,"Round1: <calendly_link>
Round2: <calendly_link>
Round 3: <calendly_link>",Round1,2 Nov 19:51
Google,Sundar Pichai,sundar@google.com,Chetan,chetan@weekday.works,9920264452,"Round1: <calendly_link>
Round2: <calendly_link>
Round 3: <calendly_link>",Round1,2 Nov 19:51
Google,Sundar Pichai,sundar@google.com,Chetan,chetan@weekday.works,9920264452,"Round1: <calendly_link>
Round2: <calendly_link>
Round 3: <calendly_link>",Round1,2 Nov 19:51
Google,Sundar Pichai,sundar@google.com,Chetan,chetan@weekday.works,9920264452,"Round1: <calendly_link>
Round2: <calendly_link>
Round 3: <calendly_link>",Round1,2 Nov 19:51
Google,Sundar Pichai,sundar@google.com,Chetan,chetan@weekday.works,9920264452,"Round1: <calendly_link>
Round2: <calendly_link>
Round 3: <calendly_link>",Round1,2 Nov 19:51
Google,Sundar Pichai,sundar@google.com,Chetan,chetan@weekday.works,9920264452,"Round1: <calendly_link>
Round2: <calendly_link>
Round 3: <calendly_link>",Round1,2 Nov 19:51
Google,Sundar Pichai,sundar@google.com,Chetan,chetan@weekday.works,9920264452,"Round1: <calendly_link>
Round2: <calendly_link>
Round 3: <calendly_link>",Round1,2 Nov 19:51
Google,Sundar Pichai,sundar@google.com,Chetan,chetan@weekday.works,9920264452,"Round1: <calendly_link>
Round2: <calendly_link>
Round 3: <calendly_link>",Round1,2 Nov 19:51
Google,Sundar Pichai,sundar@google.com,Chetan,chetan@weekday.works,9920264452,"Round1: <calendly_link>
Round2: <calendly_link>
Round 3: <calendly_link>",Round1,2 Nov 19:51
Google,Sundar Pichai,sundar@google.com,Chetan,chetan@weekday.works,9920264452,"Round1: <calendly_link>
Round2: <calendly_link>
Round 3: <calendly_link>",Round1,2 Nov 19:51
Google,Sundar Pichai,sundar@google.com,Chetan,chetan@weekday.works,9920264452,"Round1: <calendly_link>
Round2: <calendly_link>
Round 3: <calendly_link>",Round1,2 Nov 19:51
Google,Sundar Pichai,sundar@google.com,Chetan,chetan@weekday.works,9920264452,"Round1: <calendly_link>
Round2: <calendly_link>
Round 3: <calendly_link>",Round1,2 Nov 19:51
Google,Sundar Pichai,sundar@google.com,Chetan,chetan@weekday.works,9920264452,"Round1: <calendly_link>
Round2: <calendly_link>
Round 3: <calendly_link>",Round1,2 Nov 19:51
Google,Sundar Pichai,sundar@google.com,Chetan,chetan@weekday.works,9920264452,"Round1: <calendly_link>
Round2: <calendly_link>
Round 3: <calendly_link>",Round1,2 Nov 19:51
Google,Sundar Pichai,sundar@google.com,Chetan,chetan@weekday.works,9920264452,"Round1: <calendly_link>
Round2: <calendly_link>
Round 3: <calendly_link>",Round1,2 Nov 19:51
Google,Sundar Pichai,sundar@google.com,Chetan,chetan@weekday.works,9920264452,"Round1: <calendly_link>
Round2: <calendly_link>
Round 3: <calendly_link>",Round1,2 Nov 19:51
Google,Sundar Pichai,sundar@google.com,Chetan,chetan@weekday.works,9920264452,"Round1: <calendly_link>
Round2: <calendly_link>
Round 3: <calendly_link>",Round1,2 Nov 19:51
Google,Sundar Pichai,sundar@google.com,Chetan,chetan@weekday.works,9920264452,"Round1: <calendly_link>
Round2: <calendly_link>
Round 3: <calendly_link>",Round1,2 Nov 19:51
Google,Sundar Pichai,sundar@google.com,Chetan,chetan@weekday.works,9920264452,"Round1: <calendly_link>
Round2: <calendly_link>
Round 3: <calendly_link>",Round1,2 Nov 19:51
Google,Sundar Pichai,sundar@google.com,Chetan,chetan@weekday.works,9920264452,"Round1: <calendly_link>
Round2: <calendly_link>
Round 3: <calendly_link>",Round1,2 Nov 19:51
Google,Sundar Pichai,sundar@google.com,Chetan,chetan@weekday.works,9920264452,"Round1: <calendly_link>
Round2: <calendly_link>
Round 3: <calendly_link>",Round1,2 Nov 19:51
Google,Sundar Pichai,sundar@google.com,Chetan,chetan@weekday.works,9920264452,"Round1: <calendly_link>
Round2: <calendly_link>
Round 3: <calendly_link>",Round1,2 Nov 19:51
Google,Sundar Pichai,sundar@google.com,Chetan,chetan@weekday.works,9920264452,"Round1: <calendly_link>
Round2: <calendly_link>
Round 3: <calendly_link>",Round1,2 Nov 19:51
Google,Sundar Pichai,sundar@google.com,Chetan,chetan@weekday.works,9920264452,"Round1: <calendly_link>
Round2: <calendly_link>
Round 3: <calendly_link>",Round1,2 Nov 19:51
Google,Sundar Pichai,sundar@google.com,Chetan,chetan@weekday.works,9920264452,"Round1: <calendly_link>
Round2: <calendly_link>
Round 3: <calendly_link>",Round1,2 Nov 19:51
Google,Sundar Pichai,sundar@google.com,Chetan,chetan@weekday.works,9920264452,"Round1: <calendly_link>
Round2: <calendly_link>
Round 3: <calendly_link>",Round1,2 Nov 19:51
Google,Sundar Pichai,sundar@google.com,Chetan,chetan@weekday.works,9920264452,"Round1: <calendly_link>
Round2: <calendly_link>
Round 3: <calendly_link>",Round1,2 Nov 19:51
Google,Sundar Pichai,sundar@google.com,Chetan,chetan@weekday.works,9920264452,"Round1: <calendly_link>
Round2: <calendly_link>
Round 3: <calendly_link>",Round1,2 Nov 19:51
Google,Sundar Pichai,sundar@google.com,Chetan,chetan@weekday.works,9920264452,"Round1: <calendly_link>
Round2: <calendly_link>
Round 3: <calendly_link>",Round1,2 Nov 19:51
Google,Sundar Pichai,sundar@google.com,Chetan,chetan@weekday.works,9920264452,"Round1: <calendly_link>
Round2: <calendly_link>
Round 3: <calendly_link>",Round1,2 Nov 19:51
Google,Sundar Pichai,sundar@google.com,Chetan,chetan@weekday.works,9920264452,"Round1: <calendly_link>
Round2: <calendly_link>
Round 3: <calendly_link>",Round1,2 Nov 19:51
Google,Sundar Pichai,sundar@google.com,Chetan,chetan@weekday.works,9920264452,"Round1: <calendly_link>
Round2: <calendly_link>
Round 3: <calendly_link>",Round1,2 Nov 19:51
Google,Sundar Pichai,sundar@google.com,Chetan,chetan@weekday.works,9920264452,"Round1: <calendly_link>
Round2: <calendly_link>
Round 3: <calendly_link>",Round1,2 Nov 19:51
Google,Sundar Pichai,sundar@google.com,Chetan,chetan@weekday.works,9920264452,"Round1: <calendly_link>
Round2: <calendly_link>
Round 3: <calendly_link>",Round1,2 Nov 19:51
Google,Sundar Pichai,sundar@google.com,Chetan,chetan@weekday.works,9920264452,"Round1: <calendly_link>
Round2: <calendly_link>
Round 3: <calendly_link>",Round1,2 Nov 19:51
Google,Sundar Pichai,sundar@google.com,Chetan,chetan@weekday.works,9920264452,"Round1: <calendly_link>
Round2: <calendly_link>
Round 3: <calendly_link>",Round1,2 Nov 19:51
Google,Sundar Pichai,sundar@google.com,Chetan,chetan@weekday.works,9920264452,"Round1: <calendly_link>
Round2: <calendly_link>
Round 3: <calendly_link>",Round1,2 Nov 19:51
Google,Sundar Pichai,sundar@google.com,Chetan,chetan@weekday.works,9920264452,"Round1: <calendly_link>
Round2: <calendly_link>
Round 3: <calendly_link>",Round1,2 Nov 19:51
Google,Sundar Pichai,sundar@google.com,Chetan,chetan@weekday.works,9920264452,"Round1: <calendly_link>
Round2: <calendly_link>
Round 3: <calendly_link>",Round1,2 Nov 19:51
Google,Sundar Pichai,sundar@google.com,Chetan,chetan@weekday.works,9920264452,"Round1: <calendly_link>
Round2: <calendly_link>
Round 3: <calendly_link>",Round1,2 Nov 19:51